Stock;Brand ;Brand 2;Brand 3;€ Unit;# Box;€ Box;Size;Country;Distributor;;;
;AGANORSA LEAF;JFR LUNATIC ;Habano  short robusto;9,75;28;273,00;52 X 115;Nicaragua;CDP;;;
;AGANORSA LEAF;JFR LUNATIC ;Maduro short robusto;9,75;28;273,00;52 X 115;Nicaragua;CDP;;;
;AGANORSA LEAF;JFR LUNATIC TORCH;Corojo visionaries;13,00;10;130,00;52 X 166;Nicaragua;CDP;;;
v;AGANORSA LEAF;JFR LUNATIC LOCOS;Corojo/maduro el loquito;13,00;10;130,00;60 X 121;Nicaragua;CDP;;;
v;AGANORSA LEAF;JFR COROJO;Corojo super toro;9,75;50;487,50;52 X 166;Nicaragua;CDP;;;
v;AGANORSA LEAF;JFR MADURO;Maduro super toro;9,75;50;487,50;52 X 166;Nicaragua;CDP;;;
v;AGANORSA LEAF;GARDIAN OF THE FARM RAMBO;Corojo panatella;8,00;25;200,00;48 X 115;Nicaragua;CDP;;;
v;AGANORSA LEAF;CASA FERNANDEZ MIAMI 2014;Corojo torpedo;11,00;10;110,00;52 X 159;Nicaragua;CDP;;;
v;AGANORSA LEAF;SUPREME LEAF ;Corojo robusto;11,00;10;110,00;52 X 127;Nicaragua;CDP;;;
v;AGANORSA LEAF;RARE LEAF;Corojo robusto;11,00;15;165,00;52 X 127;Nicaragua;CDP;;;
v;AJ FERNANDEZ;AGING ROOM ;Habano maestro bp ;16,50;20;330,00;52 X 153;Nicaragua;CAT;;;
v;AJ FERNANDEZ;ENCLAVE ;Habano robusto;11,90;20;238,00;52 X 127;Nicaragua;CAT;;;
v;AJ FERNANDEZ;LAST CALL ;Habano geniales;10,50;25;262,50;48 X 115;Nicaragua;CAT;;;
v;AJ FERNANDEZ;SAN LOTANO ;Requiem habano robusto;12,90;20;258,00;54 X 127;Nicaragua;CAT;;;
v;AJ FERNANDEZ;AGING ROOM ;Habano vibrato;17,00;20;340,00;54 X 153;Nicaragua;CAT;;;
v;AJ FERNANDEZ;ENCLAVE ;Connecticut robusto ;11,90;20;238,00;52 X 127;Nicaragua;CAT;;;
v;AJ FERNANDEZ;ENCLAVE ;Connecticut figurado ;12,90;20;258,00;52 X 166;Nicaragua;CAT;;;
v;AJ FERNANDEZ;NEW WORLD ;Dorado figurado;22,00;10;220,00;56 X 153;Nicaragua;CAT;;;
v;AJ FERNANDEZ;NEW WORLD ;Gold sampler pack (5);115,00;5;575,00;;Nicaragua;CAT;;;
v;ALFAMBRA;BOUTIQUE;Sun grown robusto;7,80;25;195,00;50 X 127;Nicaragua;CDP;;;
v;ALFAMBRA;SELECCION Robusto;Habano 2000 robusto;6,30;25;157,50;50 X 127;Nicaragua;CDP;;;
v;ALFAMBRA;SELLECION Petit 52;Habano 2000 petit 52;6,80;25;170,00;52 X 102;Nicaragua;CDP;;;
v;ALIADOS ORIGINAL BLEND;;Robusto;9,00;20;180,00;50 X 127;;VCF;;;
v;ALIADOS ORIGINAL BLEND;;Toro;10,00;20;200,00;52 X 153;;VCF;;;
v;ALIADOS ORIGINAL BLEND;;Torpedo;10,50;20;210,00;54 X 153;;VCF;;;
v;ALIADOS ORIGINAL BLEND;;Churchill;9,50;20;190,00;50 X 178;;VCF;;;
v;ALIADOS ORIGINAL BLEND;;Regordo;11,00;20;220,00;60 X 153;;VCF;;;
v;ARTURO FUENTE;Anejo No50 robusto Maduro  ;robusto;33,00;25;825,00;50 X 133;Dom. Rep;Koopmans;;;
v;ARTURO FUENTE;Anejo No77 Shark  ;torpedo;38,00;20;760,00;50 X 149;Dom. Rep;Koopmans;;;
v;ARTURO FUENTE;Chateau Fuente Cuban Belicoso  ;belicoso;19,00;24;456,00;52 X 146;Dom. Rep;Koopmans;;;
v;ARTURO FUENTE;Chateau Fuente King B  ;;25,00;18;450,00;55 X 152;Dom. Rep;Koopmans;;;
;ARTURO FUENTE;Chateau Fuente Natural  ;;15,00;20;300,00;50 X 114;Dom. Rep;Koopmans;;;
;ARTURO FUENTE;Chateau Fuente Sun Grown  ;;15,00;20;300,00;50 X 114;Dom. Rep;Koopmans;;;
B;ARTURO FUENTE;Don Carlos Double robusto  ;double robusto;28,00;25;700,00;52 X 145;Dom. Rep;Koopmans;;;
;ARTURO FUENTE;Don Carlos robusto  ;robusto;26,00;25;650,00;50 X 125;Dom. Rep;Koopmans;;;
;ARTURO FUENTE;Especiales Brevas royale Corona  ;corona;7,00;50;350,00;42 X 139;Dom. Rep;Koopmans;;;
;ARTURO FUENTE;Especiales Cazadores  ;;11,00;30;330,00;50 X 152;Dom. Rep;Koopmans;;;
;ARTURO FUENTE;Especiales Emperador Double Corona  ;;12,00;30;360,00;52 X 178;Dom. Rep;Koopmans;;;
;ARTURO FUENTE;Gran reserva 8-5-8 Maduro  ;;14,50;25;362,50;47 X 156;Dom. Rep;Koopmans;;;
;ARTURO FUENTE;Gran reserva 8-5-8  ;;14,50;25;362,50;47 X 156;Dom. Rep;Koopmans;;;
B   ;ARTURO FUENTE;Gran reserva 8-5-8 Sun Grown  ;;19,00;20;380,00;47 X 156;Dom. Rep;Koopmans;;;
;ARTURO FUENTE;Gran reserva Canones  ;;23,00;20;460,00;52 X 216;Dom. Rep;Koopmans;;;
;ARTURO FUENTE;Gran reserva Cuban Corona  ;;13,50;25;337,50;45 X 133;Dom. Rep;Koopmans;;;
;ARTURO FUENTE;Gran reserva Exquisitos Maduro  ;;6,50;50;325,00;33 X 113;Dom. Rep;Koopmans;;;
;ARTURO FUENTE;Gran reserva Exquisitos Natural  ;;6,50;50;325,00;33 X 113;Dom. Rep;Koopmans;;;
;ARTURO FUENTE;Gran reserva Petit Corona  ;;11,50;25;287,50;38 X 127;Dom. Rep;Koopmans;;;
;ARTURO FUENTE;Gran reserva rothschild Maduro  ;;13,50;25;337,50;50 X 114;Dom. Rep;Koopmans;;;
;ARTURO FUENTE;Gran reserva rothschild Natural  ;;13,50;25;337,50;50 X 114;Dom. Rep;Koopmans;;;
;ARTURO FUENTE;Hemingway Best Seller Natural ;;18,00;25;450,00;55 X 115;Dom. Rep;Koopmans;;;
B;ARTURO FUENTE;Hemingway Short Story Natural ;;15,00;25;375,00;49 X 100;Dom. Rep;Koopmans;;;
;ARTURO FUENTE;Hemingway Signature  ;;23,00;25;575,00;46 X 152;Dom. Rep;Koopmans;;;
;ARTURO FUENTE;Rainforest Delight  ;;8,00;50;400,00;32 X 127;Dom. Rep;Koopmans;;;
;ARTURO FUENTE;Rosado Magnum  ;;18,00;44;792,00;44 X 127;Dom. Rep;Koopmans;;;
;ARTURO FUENTE;Rosado Magnum  ;;18,50;25;462,50;52 X 127;Dom. Rep;Koopmans;;;
;ARTURO FUENTE;Rosado Magnum  ;;21,00;25;525,00;54 X 152;Dom. Rep;Koopmans;;;
;ARTURO FUENTE;Rosado Magnum  ;;19,90;25;497,50;56 X 143;Dom. Rep;Koopmans;;;
;ARTURO FUENTE;Rosado Magnum  ;;21,00;25;525,00;58 X 133;Dom. Rep;Koopmans;;;
;ARTURO FUENTE;Rosado Magnum  ;;30,00;24;720,00;60 X 152;Dom. Rep;Koopmans;;;
;ARTURO FUENTE LTDX;Dc The Mans 80Th/ Eye Of The Shark   Ltdx;;39,00;20;780,00;52 X 159;Dom. Rep;Koopmans;;;
;ARTURO FUENTE LTDX;Destino Al Siglo De Amistad  ;;50,00;13;650,00;50 X 127;Dom. Rep;Koopmans;;;
;ARTURO FUENTE LTDX;Destino Al Siglo De Familias  ;;53,00;13;689,00;47 X 156;Dom. Rep;Koopmans;;;
;ARTURO FUENTE LTDX;Ffox Angel's Share Fuente Fuente   Ltdx;;42,00;32;1344,00;46 X 143;Dom. Rep;Koopmans;;;
;ARTURO FUENTE LTDX;Ffox Angel's Share Perfecxion X   Ltdx;;51,00;32;1632,00;48 X 159;Dom. Rep;Koopmans;;;
;ARTURO FUENTE LTDX;Ffox Angel's Share reserve Chateau   Ltdx;;55,00;32;1760,00;48 X 178;Dom. Rep;Koopmans;;;
;ARTURO FUENTE LTDX;Ffox Angel's Share robusto   Ltdx;;47,00;29;1363,00;50 X 133;Dom. Rep;Koopmans;;;
;ARTURO FUENTE LTDX;Forbidden X El Beso Prohibido   Ltdx;;79,00;20;1580,00;50 X 146;Dom. Rep;Koopmans;;;
;ARTURO FUENTE LTDX;Oxo Oro Oscuro robusto    Ltdx;;50,00;29;1450,00;50 X 133;Dom. Rep;Koopmans;;;
;ARTURO FUENTE OPUS X;Ffox 20Th Anniv. Believe  ;;65,00;20;1300,00;52 X 146;Dom. Rep;Koopmans;;;
;ARTURO FUENTE OPUS X;Ffox 20Th Anniv. Father & Son  ;;67,00;20;1340,00;50 X 159;Dom. Rep;Koopmans;;;
;ARTURO FUENTE OPUS X;Ffox 20Th Anniv. God's Whisper  ;;74,00;20;1480,00;56 X 165;Dom. Rep;Koopmans;;;
;ARTURO FUENTE OPUS X;Ffox 20Th Anniv. Power Of Dream  ;;71,00;20;1420,00;52 X 162;Dom. Rep;Koopmans;;;
;ARTURO FUENTE OPUS X;Opus X Double Corona  ;;62,00;32;1984,00;49 X 198;Dom. Rep;Koopmans;;;
;ARTURO FUENTE OPUS X;Opus X Double robusto  ;;47,00;42;1974,00;52 X 146;Dom. Rep;Koopmans;;;
;ARTURO FUENTE OPUS X;Opus X Fuente Fuente  ;;41,00;32;1312,00;46 X 143;Dom. Rep;Koopmans;;;
;ARTURO FUENTE OPUS X;Opus X Magnum O  ;;53,00;36;1908,00;54 X 121;Dom. Rep;Koopmans;;;
;ARTURO FUENTE OPUS X;Opus X Perfecxion 2  ;;58,00;29;1682,00;52 X 162;Dom. Rep;Koopmans;;;
;ARTURO FUENTE OPUS X;Opus X Perfecxion X  ;;50,00;32;1600,00;48 X 160;Dom. Rep;Koopmans;;;
;ARTURO FUENTE OPUS X;Opus X reserve Chateau;;57,00;32;1824,00;48 X 78;Dom. Rep;Koopmans;;;
;ARTURO FUENTE OPUS X;Opus X robusto  ;;46,00;29;1334,00;50 X 135;Dom. Rep;Koopmans;;;
;ASHTON;VSG ;Robusto ;18,50;24;444,00;50 X 140;Dom. Rep;CAT;;;
;ASHTON;PARADISO ;Papagayo;14,00;21;294,00;54 X 134;Nicaragua;CAT;;;
;ASHTON;PARADISO ;Revelation prophet ;12,90;24;309,60;54 X 134;Nicaragua;CAT;;;
;ASHTON;PARADISO;Revelation odyssey;14,50;24;348,00;60 X 147;Nicaragua;CAT;;;
;ASHTON;PARADISO ;Revelation leviathan;14,90;24;357,60;64 X 159;Nicaragua;CAT;;;
;ASHTON;ASHTON CLASSIC ;Magnum;16,00;25;400,00;50 X 127;Dom. Rep;CAT;;;
;ASHTON;LA AROMA DEL CARIBE ;El jefe;13,50;24;324,00;58 X 178;Nicaragua;CAT;;;
;ASHTON;PARADISO ;Quintessence epicure;14,50;24;348,00;52 X 153;Nicaragua;CAT;;;
;ASHTON;PARADISO ;Quintessence majestic;15,50;24;372,00;60 X 153;Nicaragua;CAT;;;
;ASHTON;ASHTON CLASSIC ;Churchill ;20,00;25;500,00;52 X 191;Dom. Rep;CAT;;;
;ASHTON;LA AROMA DEL CARIBE;Mi amor valentino;14,50;25;362,50;60 X 153;Nicaragua;CAT;;;
;ASHTON;LA AROMA DEL CARIBE;Immensa;12,50;24;300,00;50 X 147;Nicaragua;CAT;;;
;ASHTON;LA AROMA DEL CARIBE ;Robusto;11,90;24;285,60;54 X 134;Nicaragua;CAT;;;
;ASHTON;LA AROMA DEL CARIBE;Edicion especial  #2;13,50;25;337,50;50 X 127;Nicaragua;CAT;;;
;ASHTON;LA AROMA DEL CARIBE ;Edicion especial #60;14,50;25;362,50;60 X 153;Nicaragua;CAT;;;
;ASHTON;ASHTON PASION ;Corona gorda;14,00;25;350,00;46 X 131;Nicaragua;CAT;;;
;ASHTON;ASHTON PASION ;Encanto;17,00;25;425,00;60 X 153;Nicaragua;CAT;;;
;ASHTON;ASHTON PASION ;Marveloso;16,50;25;412,50;52 X 153;Nicaragua;CAT;;;
;ASHTON;ASHTON PASION ;Robusto;14,50;25;362,50;50 X 140;Nicaragua;CAT;;;
;ASHTON;PARADISO ;Elegancia grandioso;14,50;25;362,50;60 X 153;Nicaragua;CAT;;;
;ASHTON;PARADISO ;Elegancia robusto;12,90;25;322,50;50 X 127;Nicaragua;CAT;;;
;ASHTON;PARADISO ;Elegancia churchill ;14,00;25;350,00;50 X 178;Nicaragua;CAT;;;
;ASHTON;PARADISO  ;Papagayo xxl;14,50;24;348,00;60 X 153;Nicaragua;CAT;;;
;ASYLUM ;;Nine 90x9 (1);55,00;1;55,00;90 X 229;Nicaragua;CAT;;;
;ASYLUM ;;13 6ixty 9ine x 4our;12,90;20;258,00;69 X 102;Nicaragua;CAT;;;
;ASYLUM ;;Insidious robusto;11,90;25;297,50;50 X 127;Nicaragua;CAT;;;
;ASYLUM ;;13 super goliath;22,00;20;440,00;80 X 204;Nicaragua;CAT;;;
;ASYLUM ;;13 nicaragua goliath ;18,00;20;360,00;80 X 153;Nicaragua;CAT;;;
;ASYLUM ;;13 nicaragua hercule;16,00;20;320,00;70 X 178;Nicaragua;CAT;;;
;AVO;CLASSIC;Classic puritos;32,00;10;320,00;;;ZABIA;;;
;AVO;CLASSIC;Robusto;12,50;20;250,00;;;ZABIA;;;
;AVO;CLASSIC;Toro Grande N°6;16,00;20;320,00;;;ZABIA;;;
;AVO;XO;Notturno (corona);11,00;20;220,00;;;ZABIA;;;
;AVO;XO;Maestoso (churchill);15,50;20;310,00;;;ZABIA;;;
;AVO;HERITAGE;robusto;12,50;20;250,00;;;ZABIA;;;
;AVO;HERITAGE;special toro;15,00;20;300,00;;;ZABIA;;;
;AVO;LIMITED EDITION AVO;Seasons Summer L.E;23,00;10;230,00;;;ZABIA;;;
;AVO;LIMITED EDITION AVO;Seasons Fall L.E;23,00;10;230,00;;;ZABIA;;;
;AVO;LIMITED EDITION AVO;Seasons Winter L.E;23,00;10;230,00;;;ZABIA;;;
;AVO;LIMITED EDITION AVO;Expressions L.E.;21,00;15;315,00;;;ZABIA;;;
;BOLIVAR;CORONAS JUNIOR;MINUTOS;10,40;25;260,00;42 X 110;Cuba;Laguito;;;
;BOLIVAR;ROYAL CORONAS;ROBUSTOS;17,20;25;430,00;50 X 124;Cuba;Laguito;;;
;BOLIVAR;BELICOSOS FINOS;CAMPANAS;20,60;25;515,00;52 X 140;Cuba;Laguito;;;
;C.L.E.;EIROA ;The first 20 years toro prensado ;19,00;20;380,00;54 X 153;Nicaragua;CAT;;;
;C.L.E.;;Corojo robusto;11,90;25;297,50;50 X 127;Nicaragua;CAT;;;
;C.L.E.;;Prieto robusto box pressed;11,90;25;297,50;50 X 127;Nicaragua;CAT;;;
;CAIN;;Daytona;11,50;24;276,00;50 X 127;;VCF;;;
;CAIN;;Daytona;13,90;24;333,60;60 X 153;;VCF;;;
;CAIN;;F straight ligero;13,90;24;333,60;60 X 153;;VCF;;;
;CAIN;;F;9,20;24;220,80;50 X 147;;VCF;;;
;Caldwell;BLIND MANS BLUFF ;Maduro toro ;12,50;20;250,00;52 X 153;Dom. Rep;CAT;;;
;CAMACHO;;Criollo tubos;11,00;10;110,00;;;ZABIA;;;
;CAMACHO;CONNECTICUT;Connecticut Robusto ;9,90;20;198,00;;;ZABIA;;;
;CAMACHO;CONNECTICUT;Connecticut Toro;12,00;20;240,00;;;ZABIA;;;
;CAMACHO;COROJO;Corojo Robusto;9,90;20;198,00;;;ZABIA;;;
;CAMACHO;COROJO;Corojo Toro;12,00;20;240,00;;;ZABIA;;;
;CAMACHO;ECUADOR;Ecuador Robusto;9,90;20;198,00;;;ZABIA;;;
;CAMACHO;ECUADOR;Ecuador Toro;12,00;20;240,00;;;ZABIA;;;
;CAMACHO;ECUADOR;Ecuador Gordo;13,50;20;270,00;;;ZABIA;;;
;CAMACHO;NICARAGUA ;Robusto;9,90;20;198,00;;;ZABIA;;;
;CAMACHO;NICARAGUA ;Toro;12,00;20;240,00;;;ZABIA;;;
;CAMACHO;NICARAGUA ;Gran Churchill;14,00;20;280,00;;;ZABIA;;;
;CAPITOL;SWING 44;SWING;9,00;10;90,00;44 X 129;Nicaragua;Laguito;;;
;CAPITOL;JACK 52;JACK;10,00;10;100,00;52 X 120;Nicaragua;Laguito;;;
;CAPITOL;CASINO 54;CASINO;12,00;10;120,00;54 X 135;Nicaragua;Laguito;;;
;CAPITOL;GALA 56;GALA;14,00;10;140,00;56 X 155;Nicaragua;Laguito;;;
;CASDAGLI;BOS Epicurist Figurado  ;;18,50;20;370,00;47 X 159;Dom. Rep;Koopmans;;;
;CASDAGLI;Cabinet Selection ristretto  ;;10,50;50;525,00;50 X 102;Dom. Rep;Koopmans;;;
;CASDAGLI;Cypher 3311 Colossus  ;;52,00;8;416,00;60 X 152;Costa Rica;Koopmans;;;
;CASDAGLI;Cypher 3311 Enigma  ;;52,00;8;416,00;49 X 191;Costa Rica;Koopmans;;;
;CASDAGLI;Cypher 3311 Lorenz  ;;52,00;8;416,00;58 X 224;Costa Rica;Koopmans;;;
;CASDAGLI;Dow Cremello Lancero  ;;19,00;12;228,00;39 X 190;Dom. Rep;Koopmans;;;
;CASDAGLI;Dow Dahman Toro  ;;22,00;12;264,00;56 X 180;Costa Rica;Koopmans;;;
;CASDAGLI;Dow Pony Express  ;;22,00;15;330,00;48 X 152;Costa Rica;Koopmans;;;
;CASDAGLI;Dow Sabino Figurado;;24,00;12;288,00;60 X 157;Costa Rica;Koopmans;;;
;CASDAGLI;Traditional Cotton Tail ;;18,00;20;360,00;52 X 127;Dom. Rep;Koopmans;;;
;CASDAGLI;Traditional Grand Cafe Maduro ;;16,00;20;320,00;39 X 190;Dom. Rep;Koopmans;;;
;CASDAGLI;Traditional robusto   ;;14,00;20;280,00;50 X 125;Dom. Rep;Koopmans;;;
;CASDAGLI;Villa C. Pigasus ;;14,50;12;174,00;58 X 127;Costa Rica;Koopmans;;;
;CASDAGLI;Villa C. robusto;;12,50;12;150,00;58 X 124;Costa Rica;Koopmans;;;
;CAVALIER GENÈVE;BII-Viso Jalapa robusto  ;;14,00;20;280,00;50 X 127;Nicaragua;Koopmans;;;
;CAVALIER GENÈVE;BII-Viso Jalapa Toro  ;;15,00;20;300,00;54 X 152;Nicaragua;Koopmans;;;
;CAVALIER GENÈVE;Black II Lancero  ;;15,00;20;300,00;38 X 178;Honduras;Koopmans;;;
;CAVALIER GENÈVE;Black II robusto  ;;14,00;20;280,00;50 X 127;Honduras;Koopmans;;;
;CAVALIER GENÈVE;Tres Del Connecticut robusto  ;;12,00;24;288,00;50 X 127;Honduras;Koopmans;;;
;CAVALIER GENÈVE;Tres Del Habano robusto  ;;12,00;24;288,00;50 X 127;Honduras;Koopmans;;;
;CAVALIER GENÈVE;Tres Del Maduro robusto  ;;12,00;24;288,00;50 X 127;Honduras;Koopmans;;;
;CAVALIER GENÈVE;White Series Corona  ;;14,00;20;280,00;44 X 146;Honduras;Koopmans;;;
;CAVALIER GENÈVE;White Series Diplomate  ;;15,50;20;310,00;56 X 140;Honduras;Koopmans;;;
;CAVALIER GENÈVE;White Series Elegantes  ;;14,00;20;280,00;52 X 114;Honduras;Koopmans;;;
;CAVALIER GENÈVE;White Series Salomones -58 ;;21,00;10;210,00;50 X 178;Honduras;Koopmans;;;
;CEZAR BRONNER;Cabinet Selection Belicoso BP  ;;10,50;10;105,00;57 X 152;Dom. Rep;Koopmans;;;
;CEZAR BRONNER;Cabinet Selection Coronita Box P  ;;9,50;10;95,00;46 X 127;Dom. Rep;Koopmans;;;
;CEZAR BRONNER;Cabinet Selection El Primero - ;;8,50;20;170,00;52 X 102;Dom. Rep;Koopmans;;;
;CEZAR BRONNER;Cabinet Selection Lancero  ;;9,00;16;144,00;38 X 178;Dom. Rep;Koopmans;;;
;CEZAR BRONNER;Cacique  ;;9,90;5;49,50;52 X 146;Dom. Rep;Koopmans;;;
;CEZAR BRONNER;Heritage XXL Short robusto rosado  ;;9,00;8;72,00;60 X 102;Dom. Rep;Koopmans;;;
;CHATEAU DIADEM;;Robusto ;12,50;12;150,00;;;ZABIA;;;
;CHATEAU DIADEM;;Toro;14,90;12;178,80;;;ZABIA;;;
;CHATEAU DIADEM;;Double Robusto;14,90;12;178,80;;;ZABIA;;;
;CHATEAU DIADEM;;Belicoso;15,50;12;186,00;;;ZABIA;;;
;CHATEAU DIADEM;;Lanceros ;13,00;12;156,00;;;ZABIA;;;
;CIGARKINGS;COY 24 Geniales Colorado;;16,00;12;192,00;52 X 127;Nicaragua;Koopmans;;;
;CIGARKINGS;Ft Sun Grown Gigantes  194;;19,90;48;955,20;49 X 194;Nicaragua;Koopmans;;;
;CIGARKINGS;Nicaragua Maduro Corona  ;;12,50;12;150,00;44 X 136;Nicaragua;Koopmans;;;
;CIGARKINGS;Nicaragua Maduro Elegantes  ;;13,50;12;162,00;46 X 140;Nicaragua;Koopmans;;;
;CIGARKINGS;Nicaragua Maduro robusto  ;;13,00;12;156,00;50 X 127;Nicaragua;Koopmans;;;
;CIGARKINGS;Nicaragua Maduro Toro  ;;14,00;12;168,00;52 X 152;Nicaragua;Koopmans;;;
;CIGARKINGS;Nicaragua Sun Grown robusto  ;;13,00;12;156,00;50 X 127;Nicaragua;Koopmans;;;
;CIGARKINGS;Nicaragua Sun Grown Toro  ;;14,00;12;168,00;52 X 152;Nicaragua;Koopmans;;;
;CIGARKINGS;White Wide Jalapa ;;18,00;12;216,00;55 X 127;Nicaragua;Koopmans;;;
;COHIBA LÍNEA 1492;SIGLO I;PERLAS;34,00;25;850,00;40 X 102;Cuba;Laguito;;;
;COHIBA LÍNEA 1492;SIGLO II;MAREVAS;39,00;25;975,00;42 X 129;Cuba;Laguito;;;
;COHIBA LÍNEA 1492;SIGLO III;CORONAS GRANDES;54,00;25;1350,00;42 X 155;Cuba;Laguito;;;
;COHIBA LÍNEA 1492;SIGLO IV;CORONAS GORDAS;62,00;25;1550,00;46 X 143;Cuba;Laguito;;;
;COHIBA LÍNEA 1492;SIGLO V;DALIAS;68,00;25;1700,00;43 X 170;Cuba;Laguito;;;
;COHIBA LÍNEA 1492;SIGLO VI;CAÑONAZO;105,00;25;2625,00;52 X 150;Cuba;Laguito;;;
;COHIBA LÍNEA 1492;MEDIO SIGLO;MEDIO SIGLO;66,00;25;1650,00;52 X 102;Cuba;Laguito;;;
;COHIBA LÍNEA BHK;BHK 52;LAGUITO No.4;205,00;10;2050,00;52 X 119;Cuba;Laguito;;;
;COHIBA LÍNEA BHK;BHK 54;LAGUITO No.5;260,00;10;2600,00;54 X 144;Cuba;Laguito;;;
;COHIBA LÍNEA BHK;BHK 56;LAGUITO No.6;290,00;10;2900,00;56 X 166;Cuba;Laguito;;;
;COHIBA LÍNEA CLÁSICA;PANETELAS;LAGUITO No.3;31,00;25;775,00;26 X 115;Cuba;Laguito;;;
;COHIBA LÍNEA CLÁSICA;EXQUISITOS;SEOANE;39,00;25;975,00;33 X 126;Cuba;Laguito;;;
;COHIBA LÍNEA CLÁSICA;ROBUSTOS;ROBUSTOS;78,00;25;1950,00;50 X 124;Cuba;Laguito;;;
;COHIBA LÍNEA CLÁSICA;CORONAS ESPECIALES;LAGUITO No.2;57,20;25;1430,00;38 X 152;Cuba;Laguito;;;
;COHIBA LÍNEA CLÁSICA;AMBAR;PLACERES;86,00;10;860,00;53 X 132;Cuba;Laguito;;;
;COHIBA LÍNEA CLÁSICA;PIRAMIDES EXTRA;PIRAMIDES EXTRA;120,00;10;1200,00;54 X 160;Cuba;Laguito;;;
;COHIBA LÍNEA CLÁSICA;ESPLENDIDOS;JULIETA No.2;123,00;25;3075,00;47 X 178;Cuba;Laguito;;;
;COHIBA LÍNEA MADURO;SECRETOS;SECRETOS 5;39,00;25;975,00;40 X 110;Cuba;Laguito;;;
;COHIBA LÍNEA MADURO;MÁGICOS;MÁGICOS 5;82,00;25;2050,00;52 X 115;Cuba;Laguito;;;
;COHIBA LÍNEA MADURO;GENIOS;GENIOS 5;99,00;25;2475,00;52 X 140;Cuba;Laguito;;;
;COMBINACIONES;SELECCIÓN ROBUSTOS;ROBUSTOS;36,00;6;216,00;50 X 124;Cuba;Laguito;;;
;COMBINACIONES;SELECCIÓN PIRAMIDES;PIRAMIDES;41,00;6;246,00;52 X 156;Cuba;Laguito;;;
;COMBINACIONES;SELECCIÓN PETIT ROBUSTOS;PETIT ROBUSTOS;26,00;10;260,00;50 X 102;Cuba;Laguito;;;
;CONDEGA;F Arsenio  ;;9,00;10;90,00;52 X 140;Nicaragua;Koopmans;;;
;CONDEGA;F Magnum 52  ;;8,00;25;200,00;52 X 165;Nicaragua;Koopmans;;;
;CONDEGA;F Marevas  ;;6,50;12;78,00;42 X 127;Nicaragua;Koopmans;;;
;CONDEGA;F Mini robusto  ;;7,00;25;175,00;50 X 114;Nicaragua;Koopmans;;;
;CONDEGA;F robusto  ;;7,50;25;187,50;50 X 140;Nicaragua;Koopmans;;;
;CONDEGA;F Titan Gran Bundle/15  ;;115,00;1;115,00;60 X 158;Nicaragua;Koopmans;;;
;CONDEGA;F Titan Gran  ;;9,90;10;99,00;60 X 158;Nicaragua;Koopmans;;;
;CONDEGA;F Titan Mini Bundle/15  ;;99,00;1;99,00;60 X 114;Nicaragua;Koopmans;;;
;CONDEGA;F Titan Mini  ;;9,00;10;90,00;60 X 114;Nicaragua;Koopmans;;;
;CORLEONE;;Pizzino;12,00;15;180,00;;;ZABIA;;;
;CORLEONE;;Rispetto;14,00;15;210,00;;;ZABIA;;;
;CORLEONE;;Lupara;14,50;15;217,50;;;ZABIA;;;
;CORLEONE;;Onore;16,00;15;240,00;;;ZABIA;;;
;CORLEONE;;ll Capo;18,00;15;270,00;;;ZABIA;;;
;CORLEONE;;Assortiment;18,25;24;438,00;;;ZABIA;;;
;CORLEONE;;Cig'Art ;66,00;10;660,00;;;ZABIA;;;
;CORLEONE;;Liberta L.E. ;18,50;10;185,00;;;ZABIA;;;
;COYOTE;;Intenso del coyote;6,80;28;190,40;50 X 121;Dom. Rep;CAT;;;
;CUABA;DIVINOS;PETIT BOUQUET;9,40;25;235,00;43 X 101;Cuba;Laguito;;;
;CUABA;TRADICIONALES;FAVORITOS;10,80;25;270,00;42 X 120;Cuba;Laguito;;;
;CUSANO;;Maduro Churchill (BLACK);6,30;16;100,80;;;ZABIA;;;
;CUSANO;BUNDLE SELECTION;Petit Panatela ;44,00;16;704,00;;;ZABIA;;;
;CUSANO;BUNDLE SELECTION;Petit Corona;44,00;16;704,00;;;ZABIA;;;
;CUSANO;BUNDLE SELECTION;Corona;52,00;16;832,00;;;ZABIA;;;
;CUSANO;BUNDLE SELECTION;Short Robusto;54,00;16;864,00;;;ZABIA;;;
;CUSANO;BUNDLE SELECTION;Lonsdale;56,00;16;896,00;;;ZABIA;;;
;CUSANO;BUNDLE SELECTION;Robusto;59,00;16;944,00;;;ZABIA;;;
;CUSANO;BUNDLE SELECTION;Churchill;65,00;16;1040,00;;;ZABIA;;;
;CUSANO;BUNDLE SELECTION;Reserva N°14/Lonsdale ;6,00;25;150,00;;;ZABIA;;;
;CUSANO;BUNDLE SELECTION;Reserva N°6 / Robusto ;7,00;25;175,00;;;ZABIA;;;
;CUSANO;BS  HONDURAS ;Honduras Robusto;74,00;16;1184,00;;;ZABIA;;;
;CUSANO;BS  HONDURAS ;Honduras Toro ;89,00;16;1424,00;;;ZABIA;;;
;CUSANO;BS  HONDURAS ;Honduras Churchill ;86,00;16;1376,00;;;ZABIA;;;
;DAVIDOFF;SIGNATURE;Ambassadrice;10,70;10;107,00;;;ZABIA;;;
;DAVIDOFF;SIGNATURE;Petit Corona;13,90;25;347,50;;;ZABIA;;;
;DAVIDOFF;SIGNATURE;2000;17,80;25;445,00;;;ZABIA;;;
;DAVIDOFF;SIGNATURE;6000;22,20;25;555,00;;;ZABIA;;;
;DAVIDOFF;SIGNATURE;N°2;23,00;25;575,00;;;ZABIA;;;
;DAVIDOFF;SIGNATURE;Toro;24,90;25;622,50;;;ZABIA;;;
;DAVIDOFF;SIGNATURE;Exquisitos;38,00;10;380,00;;;ZABIA;;;
;DAVIDOFF;GRAND CRU;No.2;21,50;25;537,50;;;ZABIA;;;
;DAVIDOFF;GRAND CRU;No.3;19,50;25;487,50;;;ZABIA;;;
;DAVIDOFF;GRAND CRU;No.5;14,70;5;73,50;;;ZABIA;;;
;DAVIDOFF;GRAND CRU;Robusto;23,00;25;575,00;;;ZABIA;;;
;DAVIDOFF;GRAND CRU;Toro;26,00;25;650,00;;;ZABIA;;;
;DAVIDOFF;ANIVERSARIO;Entreacto;13,00;20;260,00;;;ZABIA;;;
;DAVIDOFF;ANIVERSARIO;Short Perfecto;22,00;4;88,00;;;ZABIA;;;
;DAVIDOFF;ANIVERSARIO;"Special ""R""";25,00;25;625,00;;;ZABIA;;;
;DAVIDOFF;ANIVERSARIO;"Special ""T""";30,00;20;600,00;;;ZABIA;;;
;DAVIDOFF;ANIVERSARIO;"Double ""R""";44,00;20;880,00;;;ZABIA;;;
;DAVIDOFF;MILLENIUM;Short robusto;23,00;4;92,00;;;ZABIA;;;
;DAVIDOFF;MILLENIUM;Robusto;28,00;25;700,00;;;ZABIA;;;
;DAVIDOFF;MILLENIUM;Piramides;32,50;10;325,00;;;ZABIA;;;
;DAVIDOFF;NICARAGUA;Short corona;13,50;14;189,00;;;ZABIA;;;
;DAVIDOFF;NICARAGUA;Robusto BXP;21,00;12;252,00;;;ZABIA;;;
;DAVIDOFF;NICARAGUA;Robusto;21,00;12;252,00;;;ZABIA;;;
;DAVIDOFF;NICARAGUA;Toro ;23,50;12;282,00;;;ZABIA;;;
;DAVIDOFF;NICARAGUA;Toro BXP;24,00;12;288,00;;;ZABIA;;;
;DAVIDOFF;NICARAGUA;Diadema;27,50;4;110,00;;;ZABIA;;;
;DAVIDOFF;ESCURIO;Petit Robusto;13,50;14;189,00;;;ZABIA;;;
;DAVIDOFF;ESCURIO;Robusto;21,00;12;252,00;;;ZABIA;;;
;DAVIDOFF;ESCURIO;Grand Perfecto;23,00;12;276,00;;;ZABIA;;;
;DAVIDOFF;ESCURIO;Corona Gorda;23,00;12;276,00;;;ZABIA;;;
;DAVIDOFF;ESCURIO;Grand Toro;24,00;12;288,00;;;ZABIA;;;
;DAVIDOFF;YAMASA;Robusto;25,50;12;306,00;;;ZABIA;;;
;DAVIDOFF;YAMASA;Toro;30,00;12;360,00;;;ZABIA;;;
;DAVIDOFF;YAMASA;Petit Churchill;17,00;14;238,00;;;ZABIA;;;
;DAVIDOFF;WINSTON CHURCHILL;Petit Belicoso;44,00;4;176,00;;;ZABIA;;;
;DAVIDOFF;WINSTON CHURCHILL;MF Petit Panetela;8,70;5;43,50;;;ZABIA;;;
;DAVIDOFF;WINSTON CHURCHILL;Petit Corona;16,00;20;320,00;;;ZABIA;;;
;DAVIDOFF;WINSTON CHURCHILL;Robusto;25,00;20;500,00;;;ZABIA;;;
;DAVIDOFF;WINSTON CHURCHILL;Toro ;28,50;20;570,00;;;ZABIA;;;
;DAVIDOFF;WINSTON CHURCHILL;Churchill;29,00;20;580,00;;;ZABIA;;;
;DAVIDOFF;WSC LATE HOUR;L.H P.Panetela;9,90;5;49,50;;;ZABIA;;;
;DAVIDOFF;WSC LATE HOUR;L.H Robusto;27,50;20;550,00;;;ZABIA;;;
;DAVIDOFF;WSC LATE HOUR;L.H Toro;31,00;20;620,00;;;ZABIA;;;
;DAVIDOFF;WSC LATE HOUR;L.H Churchill;30,00;20;600,00;;;ZABIA;;;
;DAVIDOFF;PRIMEROS;Primeros;6,50;6;39,00;;;ZABIA;;;
;DAVIDOFF;PRIMEROS;Primeros Maduro;6,50;6;39,00;;;ZABIA;;;
;DAVIDOFF;PRIMEROS;Nicaragua;6,50;6;39,00;;;ZABIA;;;
;DAVIDOFF;PRIMEROS;Nicaragua Maduro;6,50;6;39,00;;;ZABIA;;;
;DAVIDOFF;PRIMEROS;Escurio;6,50;6;39,00;;;ZABIA;;;
;DAVIDOFF;PRIMEROS;Nicaragua Maduro;9,00;2;18,00;;;ZABIA;;;
;DAVIDOFF;SMALL BATCH;Small Batch N°5;36,00;10;360,00;;;ZABIA;;;
;DAVIDOFF;SMALL BATCH;Small Batch N°6;37,00;10;370,00;;;ZABIA;;;
;DAVIDOFF;SMALL BATCH;Small Batch N°13;36,00;10;360,00;;;ZABIA;;;
;DAVIDOFF;MADURO;Toro;54,00;20;1080,00;;;ZABIA;;;
;DAVIDOFF;MADURO;Robusto;50,00;20;1000,00;;;ZABIA;;;
;DAVIDOFF;MADURO;Short Corona;43,00;20;860,00;;;ZABIA;;;
;DAVIDOFF;LIMITED EDITION DAVIDOFF;Oro blanco;600,00;1;600,00;;;ZABIA;;;
;DAVIDOFF;LIMITED EDITION DAVIDOFF;Oro blanco 111 ;750,00;1;750,00;;;ZABIA;;;
;DAVIDOFF;LIMITED EDITION DAVIDOFF;Royal Release Robusto;125,00;10;1250,00;;;ZABIA;;;
;DAVIDOFF;LIMITED EDITION DAVIDOFF;Royal Release Salomones;150,00;10;1500,00;;;ZABIA;;;
;DAVIDOFF;LIMITED EDITION DAVIDOFF;N°1 Aniversario ;62,00;10;620,00;;;ZABIA;;;
;DAVIDOFF;LIMITED EDITION DAVIDOFF;Grand Cru Dia LE 2024;57,00;10;570,00;;;ZABIA;;;
;DAVIDOFF;LIMITED EDITION DAVIDOFF;Year of the Snake ;62,00;10;620,00;;;ZABIA;;;
;DAVIDOFF;LIMITED EDITION DAVIDOFF;WSC L.E. 2025 Churchill;49,00;10;490,00;;;ZABIA;;;
;DAVIDOFF;DAV. PRIMEROS;Primeros;6,50;6;234,00;;;ZABIA;;;
;DAVIDOFF;DAV. PRIMEROS;Primeros Madruo;6,50;6;39,00;;;ZABIA;;;
;DAVIDOFF;DAV. PRIMEROS;Nicaragua;6,50;6;39,00;;;ZABIA;;;
;DAVIDOFF;DAV. PRIMEROS;Nicaragua Maduro;6,50;6;39,00;;;ZABIA;;;
;DAVIDOFF;DAV. PRIMEROS;Escurio;6,50;6;39,00;;;ZABIA;;;
;DAVIDOFF;DAV. PRIMEROS;Nicaragua Maduro;9,00;2;18,00;;;ZABIA;;;
;DON DUARTE;RESERVA PRIVADA FUERTE;Maduro piramide;12,00;24;288,00;52 X 156;Nicaragua;CDP;;;
;DON DUARTE;CLASSICO GOLDEN ANCHO;Shade grown ancho;10,00;24;240,00;60 X 102;Nicaragua;CDP;;;
;EL REY DEL MUNDO;DEMI TASSE;ENTREACTOS;6,00;25;150,00;30 X 100;Cuba;Laguito;;;
;EL REY DEL MUNDO;CHOIX SUPREME;HERMOSOS No.4;13,80;25;345,00;48 X 127;Cuba;Laguito;;;
;EP. CARRILLO;;Inch 70 maduro ;20,00;24;480,00;70 X 178;Dom. Rep;CAT;;;
;EP. CARRILLO;;Inch 62 maduro ;14,50;24;348,00;62 X 127;Dom. Rep;CAT;;;
;EP. CARRILLO;;La historia e-iii;19,00;20;380,00;54 X 175;Dom. Rep;CAT;;;
;EP. CARRILLO;;Encore majestic ;19,00;20;380,00;52 X 137;Nicaragua;CAT;;;
;EP. CARRILLO;;The pledge prequel;18,50;20;370,00;50 X 127;Nicaragua;CAT;;;
;EP. CARRILLO;;Encore el primero ;20,00;20;400,00;54 X 175;Nicaragua;CAT;;;
;EP. CARRILLO;;Allegiance siedekick ;17,00;20;340,00;50 X 127;Nicaragua;CAT;;;
;EP. CARRILLO;;Allegiance confidant;18,50;20;370,00;52 X 153;Nicaragua;CAT;;;
;EP. CARRILLO;;Allegiance wingman ;19,00;20;380,00;54 X 175;Nicaragua;CAT;;;
;EP. CARRILLO;;Allegiance chaperone ;19,50;20;390,00;58 X 159;Nicaragua;CAT;;;
;ESCOBAR;;Natural robusto ;16,50;25;412,50;50 X 127;Nicaragua;CAT;;;
;ESCOBAR;;Natural double toro gordo ;17,50;25;437,50;56 X 153;Nicaragua;CAT;;;
;ESCOBAR;;Natural distinguidos romeo ;17,50;25;437,50;52 X 162;Nicaragua;CAT;;;
;ESCOBAR;;Natural churchill ;18,50;25;462,50;50 X 178;Nicaragua;CAT;;;
;FLOR DE COPAN LÍNEA CLÁSICA;PERLA;PERLAS;5,50;25;137,50;40 X 102;Honduras;Laguito;;;
;FLOR DE COPAN LÍNEA CLÁSICA;SHORT ROBUSTO;SHORT ROBUSTO;6,00;20;120,00;50 X 102;Honduras;Laguito;;;
;FLOR DE COPAN LÍNEA CLÁSICA;ROTSCHILD;ROTSCHILD;8,30;20;166,00;50 X 127;Honduras;Laguito;;;
;FLOR DE COPAN LÍNEA CLÁSICA;MADURO ROTSCHILD;MADURO ROTSCHILD;8,40;20;168,00;50 X 127;Honduras;Laguito;;;
;FLOR DE COPAN LÍNEA CLÁSICA;GORDITO;GORDITO;9,00;20;180,00;55 X 120;Honduras;Laguito;;;
;FLOR DE COPAN LÍNEA CLÁSICA;CHURCHILL;CHURCHILL;9,80;20;196,00;50 X 178;Honduras;Laguito;;;
;FLOR DE COPAN LÍNEA CLÁSICA;TITAN;TITAN;10,40;20;208,00;60 X 152;Honduras;Laguito;;;
;FLOR DE COPAN LÍNEA CLÁSICA;SHORT MAGNUM;SHORT MAGNUM;7,70;20;154,00;60 X 102;Honduras;Laguito;;;
;FLOR DE COPAN LINEA PURO;CORONA;CORONA;9,90;20;198,00;40 X 152;Honduras;Laguito;;;
;FLOR DE COPAN LINEA PURO;ROBUSTO;ROBUSTO;11,10;20;222,00;50 X 127;Honduras;Laguito;;;
;FLOR DE COPAN LINEA PURO;CHURCHILL;CHURCHILL;12,20;20;244,00;48 X 178;Honduras;Laguito;;;
;FLOR DE OLIVA;;Maduro robusto;6,60;25;165,00;50 X 127;;VCF;;;
;FLOR DE OLIVA;;Maduro toro;7,00;25;175,00;50 X 153;;VCF;;;
;FLOR DE OLIVA;;Caja;5,90;25;147,50;50 X 127;;VCF;;;
;FLOR DE OLIVA;;Toro;6,20;25;155,00;50 X 153;;VCF;;;
;FLOR DE OLIVA;;Churchill;6,20;25;155,00;50 X 178;;VCF;;;
;FLOR DE OLIVA;;Torpedo caja;6,00;25;150,00;;;VCF;;;
;FLOR DE SELVA;Ano Del Conejo 2023  ;;26,00;10;260,00;48 X 140;Honduras;Koopmans;;;
;FLOR DE SELVA;Clasica Churchill  ;;14,00;25;350,00;49 X 178;Honduras;Koopmans;;;
;FLOR DE SELVA;Clasica Corona  ;;10,50;25;262,50;48 X 140;Honduras;Koopmans;;;
;FLOR DE SELVA;Clasica Extremo  ;;27,00;10;270,00;46 X 273;Honduras;Koopmans;;;
;FLOR DE SELVA;Clasica Fino  ;;11,50;25;287,50;44 X 152;Honduras;Koopmans;;;
;FLOR DE SELVA;Clasica robusto  ;;11,50;25;287,50;50 X 120;Honduras;Koopmans;;;
;FLOR DE SELVA;Clasica Selvita Tin/10  ;;40,00;5;200,00;30 X 102;Honduras;Koopmans;;;
;FLOR DE SELVA;Clasica Tempo  ;;16,00;20;320,00;60 X 152;Honduras;Koopmans;;;
;FLOR DE SELVA;Collecion Nr 20 Egoista  ;;13,00;20;260,00;60 X 114;Honduras;Koopmans;;;
;FLOR DE SELVA;Collecion Nr 20 Petit Corona  ;;13,50;20;270,00;42 X 140;Honduras;Koopmans;;;
;FLOR DE SELVA;Collecion Nr 20 robusto  ;;14,50;20;290,00;50 X 121;Honduras;Koopmans;;;
;FLOR DE SELVA;Collecion Nr 20 Tempo  ;;17,50;20;350,00;60 X 152;Honduras;Koopmans;;;
;FLOR DE SELVA;Collecion Nr 20 Toro  ;;15,50;20;310,00;52 X 152;Honduras;Koopmans;;;
;FLOR DE SELVA;Maduro N  ;;15,50;20;310,00;54 X 140;Honduras;Koopmans;;;
;FLOR DE SELVA;Maduro robusto  ;;11,50;20;230,00;50 X 120;Honduras;Koopmans;;;
;FLOR DE SELVA;Trio de Toros 3pcs;;50,00;1;50,00;;Honduras;Koopmans;;;
;FURIA ;;Megaera ;19,00;10;190,00;54 X 140;Nicaragua;CAT;;;
;FURIA ;;Alecto ;18,50;10;185,00;56 X 115;Nicaragua;CAT;;;
;FURIA ;;Tisiphone ;20,00;10;200,00;58 X 166;Nicaragua;CAT;;;
;GLOBAL PREMIUM CIGARS 1502;RUBY – wooden box;Dark ecuador torpedo;18,00;20;360,00;52 X 166;Nicaragua;CDP;;;
;GLOBAL PREMIUM CIGARS 1502;BLUE SAPPHIRE – individ boxs;Toro gordo;22,00;20;440,00;52 X 153;Nicaragua;CDP;;;
;GLOBAL PREMIUM CIGARS 1502;ANIVERSARIO - wooden box;Toro;25,50;10;255,00;50 X 153;Nicaragua;CDP;;;
;GLOBAL PREMIUM CIGARS 1502;XO - wooden box;Salomon;56,00;4;224,00;58 X 178;Nicaragua;CDP;;;
;GRIFFIN'S;;Puritos/timbre ;30,00;10;300,00;;;ZABIA;;;
;GRIFFIN'S;;Privilège;8,90;25;222,50;;;ZABIA;;;
;GRIFFIN'S;;300;12,50;25;312,50;;;ZABIA;;;
;GRIFFIN'S;;400;11,50;5;57,50;;;ZABIA;;;
;GRIFFIN'S;;500;12,00;25;300,00;;;ZABIA;;;
;GRIFFIN'S;;Perfecto;13,00;25;325,00;;;ZABIA;;;
;GRIFFIN'S;;Short Robusto;11,00;25;275,00;;;ZABIA;;;
;GRIFFIN'S;;Robusto;13,00;25;325,00;;;ZABIA;;;
;GRIFFIN'S;;Piramides;14,00;4;56,00;;;ZABIA;;;
;GRIFFIN'S;;Toro;16,50;25;412,50;;;ZABIA;;;
;GRIFFIN'S;;Prestige;17,00;25;425,00;;;ZABIA;;;
;GURKHA;CELLAR RESERVE ;21 year sola db robusto ;22,00;20;440,00;58 X 153;Nicaragua;CAT;;;
;GURKHA;GHOST ;Gold shadow ;12,50;21;262,50;52 X 127;Dom. Rep;CAT;;;
;GURKHA;CELLAR; reserve 15 years koi ;14,90;20;298,00;58 X 102;Dom. Rep;CAT;;;
;GURKHA;CELLAR;Reserve 15 years solara ;17,50;20;350,00;58 X 127;Dom. Rep;CAT;;;
;GURKHA;CELLAR;Reserve 18 years solara ;19,50;20;390,00;58 X 127;Dom. Rep;CAT;;;
;GURKHA;HERITAGE;Robusto corto ;10,90;24;261,60;48 X 115;Nicaragua;CAT;;;
;GURKHA;HERITAGE;Robusto ;14,50;24;348,00;55 X 127;Nicaragua;CAT;;;
;GURKHA;HERITAGE;Toro ;16,00;24;384,00;54 X 166;Nicaragua;CAT;;;
;GURKHA;REVENANT ;Corojo robusto ;13,50;20;270,00;50 X 127;Dom. Rep;CAT;;;
;GURKHA;LEGEND 1959 ;Robusto ;10,50;20;210,00;54 X 127;Dom. Rep;CAT;;;
;GURKHA;LEGEND 1959 ;Toro ;10,90;20;218,00;50 X 153;Dom. Rep;CAT;;;
;H.UPMANN;HALF CORONA;HALF CORONA;7,60;25;190,00;44 X 90;Cuba;Laguito;;;
;H.UPMANN;MAJESTIC;CREMAS;7,60;25;190,00;40 X 140;Cuba;Laguito;;;
;H.UPMANN;CORONAS MAJOR A.T.;EMINENTES;11,00;25;275,00;42 X 132;Cuba;Laguito;;;
;H.UPMANN;UPMANN No.2;PIRAMIDES;22,00;25;550,00;52 X 156;Cuba;Laguito;;;
;H.UPMANN LÍNEA CONNOSSIEUR;CONNOISSEUR No.1;HERMOSOS No.4;17,00;25;425,00;48 X 127;Cuba;Laguito;;;
;H.UPMANN LÍNEA CONNOSSIEUR;CONNOSSIEUR No.2;BOHEMIOS;20,20;25;505,00;51 X 134;Cuba;Laguito;;;
;H.UPMANN LÍNEA CONNOSSIEUR;CONNOSSIEUR B (LCDH + HS);GENIALES;24,70;25;617,50;54 X 150;Cuba;Laguito;;;
;H.UPMANN LÍNEA CONNOSSIEUR;CONNOSSIEUR A (LCDH + HS);GENIOS;22,00;25;550,00;52 X 140;Cuba;Laguito;;;
;H.UPMANN LÍNEA MAGNUM;MAGNUM 46;CORONAS GORDAS;19,80;25;495,00;46 X 143;Cuba;Laguito;;;
;H.UPMANN LÍNEA MAGNUM;MAGNUM 50;MAGNUM 50;23,50;25;587,50;50 X 160;Cuba;Laguito;;;
;H.UPMANN LÍNEA MAGNUM;MAGNUM 54;MAGNUM 54;20,00;25;500,00;54 X 120;Cuba;Laguito;;;
;HIRAM & SOLOMON;;Entered apprentice toro  ;14,90;20;298,00;52 X 153;Nicaragua;CAT;;;
;HIRAM & SOLOMON;;Master mason toro  ;14,90;20;298,00;52 X 153;Nicaragua;CAT;;;
;HIRAM & SOLOMON;;Traveling man toro  ;14,90;20;298,00;52 X 153;Nicaragua;CAT;;;
;HORACIO;;H1 Classic (of Year) ;17,60;15;264,00;;;ZABIA;;;
;HORACIO;;H5 Classic;11,50;15;172,50;;;ZABIA;;;
;HORACIO;;H6 Classic ;12,00;15;180,00;;;ZABIA;;;
;HORACIO;;XL;15,00;15;225,00;;;ZABIA;;;
;HORACIO;;XXL;19,50;15;292,50;;;ZABIA;;;
;HORACIO;;Jacques Chancel;15,00;15;225,00;;;ZABIA;;;
;HORACIO;;Colosso;15,50;15;232,50;;;ZABIA;;;
;HORACIO;;Sled L.E. ;15,70;15;235,50;;;ZABIA;;;
;HORACIO;;Le Coffret;16,00;4;64,00;;;ZABIA;;;
;HORACIO;;Heritage N°1;14,50;15;217,50;;;ZABIA;;;
;HORACIO;;Heritage N°6;13,00;15;195,00;;;ZABIA;;;
;HORACIO;;Pasion 38 ;12,50;16;200,00;;;ZABIA;;;
;HOYO DE MONTERREY;PETIT ROBUSTOS;PETIT ROBUSTOS;15,60;25;390,00;50 X 102;Cuba;Laguito;;;
;HOYO DE MONTERREY LÍNEA EPICURE;EPICURE No.2;ROBUSTOS;19,00;25;475,00;50 X 124;Cuba;Laguito;;;
;HOYO DE MONTERREY LÍNEA EPICURE;EPICURE No.1;CORONAS GORDAS;20,00;25;500,00;46 X 143;Cuba;Laguito;;;
;HOYO DE MONTERREY LÍNEA EPICURE;EPICURE No.3;ORIGINALES;21,00;25;525,00;54 X 125;Cuba;Laguito;;;
;HOYO DE MONTERREY LÍNEA EPICURE;EPICURE ESPECIAL;GORDITO;21,70;25;542,50;50 X 141;Cuba;Laguito;;;
;HOYO DE MONTERREY SERIE LE HOYO;LE HOYO DU MAIRE;ENTREACTOS;8,90;25;222,50;30 X 100;Cuba;Laguito;;;
;HOYO DE MONTERREY SERIE LE HOYO;LE HOYO DU DEPUTE;TRABUCOS;11,20;25;280,00;38 X 110;Cuba;Laguito;;;
;HOYO DE MONTERREY SERIE LE HOYO;LE HOYO DE SAN JUAN;GENIALES;24,70;25;617,50;54 X 150;Cuba;Laguito;;;
;HOYO DE MONTERREY SERIE LE HOYO;LE HOYO DE RIO SECO;AROMOSOS;24,70;25;617,50;56 X 140;Cuba;Laguito;;;
;INCA;Premium Secret Cristales  ;;7,50;30;225,00;40 X 152;Peru;Koopmans;;;
;INCA;Premium Secret Gordo Imperio  ;;8,50;20;170,00;60 X 152;Peru;Koopmans;;;
;INCA;Premium Secret robusto roca  ;;7,50;20;150,00;50 X 127;Peru;Koopmans;;;
;INCA;Premium Secret Toro Tambo  ;;8,00;20;160,00;50 X 152;Peru;Koopmans;;;
;INCA;rojo Corona  ;;4,70;10;47,00;44 X 148;Peru;Koopmans;;;
;INCA;rojo Short Corona  ;;4,00;10;40,00;43 X 90;Peru;Koopmans;;;
;INCA;Secret Bombaso Maduro  ;;9,00;10;90,00;60 X 100;Peru;Koopmans;;;
;JOSE L. PIEDRA;PETIT CAZADORES;PETIT CAZADORES;2,30;12;27,60;43 X 105;Cuba;Laguito;;;
;JOSE L. PIEDRA;BREVAS;BREVAS JLP;2,70;12;32,40;42 X 133;Cuba;Laguito;;;
;JOSE L. PIEDRA;CONSERVAS;CONSERVAS JLP;2,90;12;34,80;44 X 140;Cuba;Laguito;;;
;JOSE L. PIEDRA;CAZADORES;CAZADORES JLP;3,10;12;37,20;43 X 152;Cuba;Laguito;;;
;JOSE L. PIEDRA;PETIT CABALLEROS;HERMOSO CORTO;3,20;12;38,40;48 X 120;Cuba;Laguito;;;
;JUAN LOPEZ;DRAGONES EdReg Belux;MAGICOS;19,00;10;190,00;52 X 115;Cuba;Laguito;;;
;JUAN LOPEZ;SELECCION No.2;ROBUSTOS;14,50;25;362,50;50 X 124;Cuba;Laguito;;;
;KRISTOFF CIGARS;COROJO LIMITADA;Corojo robusto;13,00;20;260,00;50 X 127;Dom. Rep;CDP;;;
;KRISTOFF CIGARS;SAN ANDRES;San andrés churchill;9,00;20;180,00;50 X 178;Dom. Rep;CDP;;;
;KRISTOFF CIGARS;VENGEANCE;Connecticut perfecto;9,50;20;190,00;60 X 166;Dom. Rep;CDP;;;
;LA AURORA;;1495 robusto ;11,90;20;238,00;50 X 127;Dom. Rep;CAT;;;
;LA AURORA;;1495 sumo short robusto ;10,90;25;272,50;58 X 102;Dom. Rep;CAT;;;
;LA AURORA;;Preferido gold ;220,00;8;1760,00;54 X 127;Dom. Rep;CAT;;;
;LA AURORA;;Preferido ruby ;220,00;8;1760,00;54 X 127;Dom. Rep;CAT;;;
;LA FLOR DE CANO;ELEGIDOS;LIRIOS;6,40;10;64,00;50 X 127;Cuba;Laguito;;;
;LA FLOR DOMINICANA;;Dl-600 maduro ;12,90;20;258,00;52 X 134;Dom. Rep;CAT;;;
;LA FLOR DOMINICANA;;Dl-700 maduro ;14,50;20;290,00;60 X 159;Dom. Rep;CAT;;;
;LA FLOR DOMINICANA;;Dl-digger maduro ;17,00;20;340,00;60 X 216;Dom. Rep;CAT;;;
;LA FLOR DOMINICANA;;La nox ;22,00;20;440,00;50 X 166;Dom. Rep;CAT;;;
;LA FLOR DOMINICANA;;L-granu;15,50;100;1550,00;64 X 153;Dom. Rep;CAT;;;
;LA FLOR DOMINICANA;;Salomon unico ;45,00;10;450,00;64 X 178;Dom. Rep;CAT;;;
;LA FLOR DOMINICANA;;Dl-654 maduro ;13,50;20;270,00;54 X 153;Dom. Rep;CAT;;;
;LA FLOR DOMINICANA;;Cameroon number 4 ;12,90;24;309,60;54 X 159;Dom. Rep;CAT;;;
;LA FLOR DOMINICANA;;Cameroon number 5 ;11,50;24;276,00;52 X 127;Dom. Rep;CAT;;;
;LA FLOR DOMINICANA;;Ligero tcfka-m natural (5);22,00;5;110,00;55 X 178;Dom. Rep;CAT;;;
;LA FLOR DOMINICANA;;Res. esp. el jocko natural ;11,50;24;276,00;54 X 115;Dom. Rep;CAT;;;
;LA FLOR DOMINICANA;;La volcada ;24,00;20;480,00;48 X 178;Dom. Rep;CAT;;;
;LA FLOR DOMINICANA;;L-500 oscuro natural ;14,00;24;336,00;60 X 147;Dom. Rep;CAT;;;
;LA FLOR DOMINICANA;;Andalousian bull ;28,00;10;280,00;64 X 178;Dom. Rep;CAT;;;
;LA GLORIA CUBANA;TURQUINOS;GORDITO;17,40;10;174,00;50 X 141;Cuba;Laguito;;;
;LA LEY ;;Mareva ;14,00;21;294,00;44 X 102;Nicaragua;CAT;;;
;LA LEY ;;Robusto ;16,00;21;336,00;54 X 127;Nicaragua;CAT;;;
;LA LEY ;;Canonazo ;17,00;21;357,00;52 X 156;Nicaragua;CAT;;;
;LA LEY ;;Reserva 2018 exquisito ;18,00;21;378,00;48 X 120;Nicaragua;CAT;;;
;LA PREFERIDA ;;452;14,50;16;232,00;52 X 102;Nicaragua;CAT;;;
;LA PREFERIDA ;;552;15,50;16;248,00;52 X 127;Nicaragua;CAT;;;
;LA PREFERIDA ;;652;16,50;16;264,00;52 X 1423;Nicaragua;CAT;;;
;LA RIBERA ;;Tl perla ;32,00;10;320,00;42 X 102;Dom. Rep;CAT;;;
;LA RIBERA ;;Tl mareva ;36,00;10;360,00;42 X 140;Dom. Rep;CAT;;;
;LA RIBERA ;;Tl robusto ;41,00;10;410,00;50 X 127;Dom. Rep;CAT;;;
;LA RIBERA ;;Tl gordo ;44,00;10;440,00;54 X 140;Dom. Rep;CAT;;;
;LA RIBERA ;;Tl churchill ;45,00;10;450,00;50 X 178;Dom. Rep;CAT;;;
;LA RIBERA ;;Tl magnum ;50,00;10;500,00;60 X 153;Dom. Rep;CAT;;;
;LA RIBERA ;;Tl mateo ;44,00;10;440,00;60 X 102;Dom. Rep;CAT;;;
;LA RIBERA ;;Nicaragua robusto ;41,00;10;410,00;50 X 127;Nicaragua;CAT;;;
;LA RIBERA ;;Nicaragua gordo ;44,00;10;440,00;54 X 140;Nicaragua;CAT;;;
;LA RIBERA ;;Nicaragua magnum ;50,00;10;500,00;60 X 153;Nicaragua;CAT;;;
;LA RIBERA ;;Edicion nicaragua robusto ;5,50;28;154,00;52 X 127;Dom. Rep;CAT;;;
;MATILDE;Limited Exposure No. 2 robusto;;13,00;20;260,00;50 X 133;Dom. Rep;Koopmans;;;
;MATILDE;Oscura robusto  ;;11,50;20;230,00;50 X 133;Dom. Rep;Koopmans;;;
;MATILDE;Oscura Toro Bravo  ;;12,00;20;240,00;54 X 165;Dom. Rep;Koopmans;;;
;MATILDE;Quadrata robusto  ;;12,00;20;240,00;50 X 133;Dom. Rep;Koopmans;;;
;MATILDE;renacer robusto  ;;11,50;20;230,00;54 X 133;Dom. Rep;Koopmans;;;
;MATILDE;robusto Sampler Pack/5;;45,00;10;450,00;;Nicaragua;Koopmans;;;
;MATILDE;Serena Grande  ;;12,50;20;250,00;60 X 152;Dom. Rep;Koopmans;;;
;MATILDE;Serena Maduro Toro Bravo  ;;12,00;20;240,00;54 X 165;Dom. Rep;Koopmans;;;
;MATILDE;Serena robusto  ;;11,00;20;220,00;50 X 133;Dom. Rep;Koopmans;;;
;MATILDE;Serena Toro Bravo  ;;11,50;20;230,00;54 X 165;Dom. Rep;Koopmans;;;
;MATILDE;Special Edition  ;;17,50;24;420,00;50 X 152;Dom. Rep;Koopmans;;;
;MEERÄPFEL SELECTION; La Estancia Edicion Exclusiva  ;;29,00;10;290,00;50 X 127;Honduras;Koopmans;;;
;MEERÄPFEL SELECTION; La Estancia Edicion Exclusiva  ;;31,00;10;310,00;52 X 149;Honduras;Koopmans;;;
;MEERÄPFEL SELECTION; La Estancia Edicion Exclusiva  ;;33,00;10;330,00;56 X 165;Honduras;Koopmans;;;
;MEERÄPFEL SELECTION; La Estancia Edicion Exclusiva  ;;35,00;10;350,00;60 X 152;Honduras;Koopmans;;;
;MEERÄPFEL SELECTION; Maestranze Conde robusto  ;;12,50;10;125,00;52 X 127;Honduras;Koopmans;;;
;MEERÄPFEL SELECTION; Maestranze Marques Toro  ;;13,00;10;130,00;50 X 152;Honduras;Koopmans;;;
;MEERÄPFEL SELECTION;Ernest Corona Gorda  ;;50,00;25;1250,00;46 X 140;Dom. Rep;Koopmans;;;
;MEERÄPFEL SELECTION;Ernest Double robusto Box;;990,00;1;990,00;52 X 146;Dom. Rep;Koopmans;;;
;MEERÄPFEL SELECTION;Ernest Lonsdale  ;;60,00;25;1500,00;43 X 171;Dom. Rep;Koopmans;;;
;MEERÄPFEL SELECTION;Ernest robusto  ;;55,00;25;1375,00;50 X 124;Dom. Rep;Koopmans;;;
;MEERÄPFEL SELECTION;Meir Churchill ;;60,00;25;1500,00;47 X 178;Dom. Rep;Koopmans;;;
;MEERÄPFEL SELECTION;Meir Corona Gorda  ;;50,00;25;1250,00;46 X 140;Dom. Rep;Koopmans;;;
;MEERÄPFEL SELECTION;Meir Double robusto Box;;990,00;1;990,00;52 X 146;Dom. Rep;Koopmans;;;
;MEERÄPFEL SELECTION;Meir Lonsdale  ;;60,00;25;1500,00;43 X 171;Dom. Rep;Koopmans;;;
;MEERÄPFEL SELECTION;Meir Pyramid ;;65,00;25;1625,00;52 X 154;Dom. Rep;Koopmans;;;
;MEERÄPFEL SELECTION;Meir robusto;;50,00;25;1250,00;50 X 24;Dom. Rep;Koopmans;;;
;MONTECRISTO LÍNEA 1935;DUMAS;PROMINENTE CORTO;51,00;20;1020,00;49 X 130;Cuba;Laguito;;;
;MONTECRISTO LÍNEA 1935;MALTES;SOBRESALIENTES;65,00;20;1300,00;53 X 153;Cuba;Laguito;;;
;MONTECRISTO LÍNEA 1935;LEYENDA;MARAVILLAS No.2;74,00;20;1480,00;55 X 165;Cuba;Laguito;;;
;MONTECRISTO LÍNEA CLÁSICA;MONTECRISTO No.1;CERVANTES;21,50;25;537,50;42 X 165;Cuba;Laguito;;;
;MONTECRISTO LÍNEA CLÁSICA;MONTECRISTO No.2;PIRAMIDES;25,00;25;625,00;52 X 156;Cuba;Laguito;;;
;MONTECRISTO LÍNEA CLÁSICA;MONTECRISTO No.3;CORONAS;19,60;25;490,00;42 X 142;Cuba;Laguito;;;
;MONTECRISTO LÍNEA CLÁSICA;MONTECRISTO No.4;MAREVAS;14,50;25;362,50;42 X 129;Cuba;Laguito;;;
;MONTECRISTO LÍNEA CLÁSICA;MONTECRISTO No.5;PERLAS;12,00;25;300,00;40 X 102;Cuba;Laguito;;;
;MONTECRISTO LÍNEA CLÁSICA;MEDIA CORONA;HALF CORONA;10,20;25;255,00;44 X 90;Cuba;Laguito;;;
;MONTECRISTO LÍNEA CLÁSICA;MONTECRISTO ESPECIAL No.2;LAGUITO No.2;21,40;25;535,00;38 X 152;Cuba;Laguito;;;
;MONTECRISTO LÍNEA CLÁSICA;JOYITAS;LAGUITO No.3;10,80;25;270,00;26 X 115;Cuba;Laguito;;;
;MONTECRISTO LÍNEA CLÁSICA;MONTECRISTO PETIT No.2;PETIT No.2;18,00;10;180,00;52 X 120;Cuba;Laguito;;;
;MONTECRISTO LÍNEA EDMUNDO;PETIT EDMUNDO;PETIT EDMUNDO;19,80;25;495,00;52 X 110;Cuba;Laguito;;;
;MONTECRISTO LÍNEA EDMUNDO;EDMUNDO;EDMUNDO;23,80;25;595,00;52 X 135;Cuba;Laguito;;;
;MONTECRISTO LÍNEA EDMUNDO;WIDE EDMUNDO;DUKE No.3;25,00;25;625,00;54 X 125;Cuba;Laguito;;;
;MONTECRISTO LÍNEA EDMUNDO;DOUBLE EDMUNDO;DOBLES;26,00;25;650,00;50 X 155;Cuba;Laguito;;;
;MONTECRISTO LÍNEA OPEN;JUNIOR;TRABUCOS;11,50;20;230,00;38 X 110;Cuba;Laguito;;;
;MONTECRISTO LÍNEA OPEN;MASTER;ROBUSTOS;20,40;20;408,00;50 X 124;Cuba;Laguito;;;
;MONTECRISTO LÍNEA OPEN;REGATA;FORUM;16,50;20;330,00;46 X 135;Cuba;Laguito;;;
;MONTECRISTO LÍNEA OPEN;EAGLE;GENIALES;26,00;20;520,00;54 X 150;Cuba;Laguito;;;
;MY FATHER ;TATTOO ;Adivino toro ;8,90;10;89,00;58 X 140;Nicaragua;CAT;;;
;MY FATHER ;FLOR DE LAS ANTILLAS ;Robusto ;14,00;20;280,00;50 X 127;Nicaragua;CAT;;;
;MY FATHER ;FLOR DE LAS ANTILLAS ;Toro ;14,50;20;290,00;52 X 153;Nicaragua;CAT;;;
;MY FATHER ;TATUAJE ;Gran cojonu ;22,00;12;264,00;60 X 166;Nicaragua;CAT;;;
;MY FATHER ;PEPIN GARCIA ;Blue invictos ;16,00;24;384,00;50 X 127;Nicaragua;CAT;;;
;MY FATHER ;PEPIN GARCIA ;Blue lanceros ;16,00;24;384,00;38 X 191;Nicaragua;CAT;;;
;MY FATHER ;LE BIJOU ;Petit robusto ;14,90;23;342,70;50 X 115;Nicaragua;CAT;;;
;MY FATHER ;LE BIJOU ;Grand robusto ;20,00;23;460,00;55 X 143;Nicaragua;CAT;;;
;MY FATHER ;LE BIJOU ;Torpedo box pressed ;22,00;23;506,00;52 X 156;Nicaragua;CAT;;;
;MY FATHER ;THE JUDGE ;Grand robusto box pressed ;22,00;23;506,00;60 X 127;Nicaragua;CAT;;;
;MY FATHER ;LA OPULENCIA;Toro ;22,00;20;440,00;54 X 153;Nicaragua;CAT;;;
;MY FATHER ;LA GRAN OFERTA ;Robusto ;16,00;20;320,00;50 X 127;Nicaragua;CAT;;;
;MY FATHER ;FLOR DE LA ANTILLAS ;Maduro petit robusto ;14,00;20;280,00;50 X 115;Nicaragua;CAT;;;
;MY FATHER ;LA PROMESA ;Robusto grande ;17,00;20;340,00;54 X 134;Nicaragua;CAT;;;
;NEWMAN;BRICKHOUSE;Robusto ;10,50;25;262,50;;;ZABIA;;;
;NEWMAN;BRICKHOUSE;Rob Dbl connecticut;13,00;5;65,00;;;ZABIA;;;
;NEWMAN;BRICKHOUSE;Mighty Mighty Maduro;13,00;25;325,00;;;ZABIA;;;
;NEWMAN;BRICKHOUSE;Mighty Mighty dbl con;15,00;5;75,00;;;ZABIA;;;
;NEWMAN;BRICKHOUSE;Bricktoberfest L.E. ;15,00;10;150,00;;;ZABIA;;;
;NEWMAN;QUORUM SHADE ;Short Robusto;32,00;10;320,00;;;ZABIA;;;
;NEWMAN;QUORUM SHADE ;Robusto;38,00;10;380,00;;;ZABIA;;;
;NEWMAN;QUORUM SHADE ;Churchill;39,00;10;390,00;;;ZABIA;;;
;NEWMAN;PERLA DEL MAR ;Shade robusto;12,00;25;300,00;;;ZABIA;;;
;NEWMAN;PERLA DEL MAR ;Maduro robusto;12,00;25;300,00;;;ZABIA;;;
;NEWMAN;PERLA DEL MAR ;Maduro toro;14,50;25;362,50;;;ZABIA;;;
;NEWMAN;PERLA DEL MAR ;Corojo robusto;12,00;25;300,00;;;ZABIA;;;
;NEWMAN;PERLA DEL MAR ;Corojo toro;14,50;25;362,50;;;ZABIA;;;
;NICARAO;EXCLUSIVO ;Diadema ;33,00;20;660,00;55 X 232;Nicaragua;CAT;;;
;NICARAO ;ANNO VI ;Minuto ;9,20;20;184,00;42 X 127;Nicaragua;CAT;;;
;NICARAO ;ANNO VI ;Robusto ;9,90;20;198,00;50 X 105;Nicaragua;CAT;;;
;NICARAO ;ESPECIAL ;Toro ;13,50;21;283,50;52 X 153;Nicaragua;CAT;;;
;NICARAO ;EXCLUSIVO ;Robusto extra ;19,50;20;390,00;58 X 140;Nicaragua;CAT;;;
;NICARAO ;ESPECIAL ;Torito ;12,50;21;262,50;54 X 115;Nicaragua;CAT;;;
;NICARAO ;ESPECIAL ;Toro doble ;14,50;21;304,50;58 X 140;Nicaragua;CAT;;;
;NICARAO ;EXCLUSIVO ;Don rafa ;21,00;20;420,00;54 X 178;Nicaragua;CAT;;;
;NICARAO ;ANNO VI ;Julieta ;13,50;20;270,00;50 X 178;Nicaragua;CAT;;;
;NICARAO ;ESPECIAL ;Gordo ;13,50;21;283,50;56 X 127;Nicaragua;CAT;;;
;NICARAO ;ANNO VI ;Gordito ;9,90;20;198,00;50 X 105;Nicaragua;CAT;;;
;NICARAO ;ESPECIAL ;Reserva 2017 robusto ;19,00;21;399,00;52 X 127;Nicaragua;CAT;;;
;NICARAO ;EXCLUSIVO ;Robusto e4 ;17,50;20;350,00;50 X 127;Nicaragua;CAT;;;
;NUB;;Cameroon;10,00;24;240,00;60 X 102;;VCF;;;
;NUB;;Sun grown;11,20;24;268,80;60 X 102;;VCF;;;
;NUB;;Sun grown;12,00;24;288,00;66 X 102;;VCF;;;
;NUB;;Connecticut;11,20;24;268,80;60 X 102;;VCF;;;
;NUB;;Connecticut torpedo;12,00;24;288,00;64 X 102;;VCF;;;
;NUB;;Maduro;12,00;24;288,00;60 X 102;;VCF;;;
;NUB;;Samp 4 tubos;48,40;4;193,60;;;VCF;;;
;OLIVA;SERIE V;Lancero;12,80;24;307,20;38 X 178;Nicaragua;VCF;;;
;OLIVA;SERIE V;Dbl robusto ;13,50;24;324,00;54 X 127;Nicaragua;VCF;;;
;OLIVA;SERIE V;Maduro dbl robusto ;13,50;10;135,00;54 X 127;Nicaragua;VCF;;;
;OLIVA;SERIE V;Torpedo;15,00;24;360,00;56 X 153;Nicaragua;VCF;;;
;OLIVA;SERIE V;Dbl toro;15,00;24;360,00;60 X 153;Nicaragua;VCF;;;
;OLIVA;SERIE V;Churchill;15,00;24;360,00;52 X 178;Nicaragua;VCF;;;
;OLIVA;SERIE V;Maduro dbl toro;15,00;10;150,00;60 X 153;Nicaragua;VCF;;;
;OLIVA;SERIE V;Belicoso;13,50;24;324,00;54 X 127;Nicaragua;VCF;;;
;OLIVA;SERIE V;N°4;12,30;24;295,20;43 X 127;Nicaragua;VCF;;;
;OLIVA;SERIE V MELANIO;N°4;16,50;10;165,00;43 X 127;Nicaragua;VCF;;;
;OLIVA;SERIE V MELANIO;Robusto ;18,50;10;185,00;52 X 127;Nicaragua;VCF;;;
;OLIVA;SERIE V MELANIO;Figurado ;22,50;10;225,00;52 X 166;Nicaragua;VCF;;;
;OLIVA;SERIE V MELANIO;Maduro torpedo;21,50;10;215,00;52 X 166;Nicaragua;VCF;;;
;OLIVA;SERIE O;Sungrown robusto;9,50;20;190,00;50 X 127;Nicaragua;VCF;;;
;OLIVA;SERIE O;Sungrown double toro;11,90;10;119,00;60 X 153;Nicaragua;VCF;;;
;OLIVA;SERIE G;Double robusto;7,80;25;195,00;54 X 127;Nicaragua;VCF;;;
;OLIVA;SERIE G;Toro;7,80;25;195,00;50 X 153;Nicaragua;VCF;;;
;OLIVA;SERIE G;Churchill;8,00;25;200,00;50 X 178;Nicaragua;VCF;;;
;OLIVA;SERIE G;Special g aged cameroon;6,70;25;167,50;48 X 96;Nicaragua;VCF;;;
;OLIVA;CONNECTICUT RESERVE;Robusto;10,30;20;206,00;50 X 127;Nicaragua;VCF;;;
;OLIVA;CONNECTICUT RESERVE;Dbl toro;12,50;10;125,00;60 X 153;Nicaragua;VCF;;;
;OLIVA;CONNECTICUT RESERVE;Petit corona;6,70;30;201,00;50 X 127;Nicaragua;VCF;;;
;OLIVA;ASSORTIMENT;Oliva sampler serie v;68,00;5;340,00;;Nicaragua;VCF;;;
;OLIVA;ASSORTIMENT;Sampler oliva robusto;62,00;5;310,00;;Nicaragua;VCF;;;
;OLIVA;LIMITADAS;Country edition;25,00;10;250,00;;Nicaragua;VCF;;;
;OLIVA;LIMITADAS;Oliva serie v 135 años ;20,00;12;240,00;;Nicaragua;VCF;;;
;OSCAR VALADARES;LEAF BY OSCAR ;Connecticut toro;16,50;20;330,00;52 X 153;Honduras;CDP;;;
;OSCAR VALADARES;LEAF BY OSCAR;Corojo toro;16,50;20;330,00;52 X 153;Honduras;CDP;;;
;OSCAR VALADARES;LEAF BY OSCAR;Maduro toro;16,50;20;330,00;52 X 153;Honduras;CDP;;;
;OSCAR VALADARES;LEAF BY OSCAR;Sumatra toro;16,50;20;330,00;52 X 153;Honduras;CDP;;;
;OSCAR VALADARES;LEAF BY OSCAR 10anniversari;Criollo toro;16,50;20;330,00;52 X 153;Honduras;CDP;;;
;OSCAR VALADARES;LEAF BY OSCAR THE WOODY;50cm (4uur) super gigantes;70,00;1;70,00;100 X 534;Honduras;CDP;;;
;OSCAR VALADARES;THE OSCAR  ;Connecticut robusto;17,50;11;192,50;50 X 127;Honduras;CDP;;;
;OSCAR VALADARES;THE OSCAR  ;Habano robusto;17,50;11;192,50;50 X 127;Honduras;CDP;;;
;OSCAR VALADARES;THE OSCAR  ;Maduro robusto;17,50;11;192,50;50 X 127;Honduras;CDP;;;
;OSCAR VALADARES;2012 BY OSCAR  box pressed ;Connecticut short robusto;12,00;20;240,00;50 X 102;Honduras;CDP;;;
;OSCAR VALADARES;2012 BY OSCAR  box pressed ;Connecticut toro;14,00;20;280,00;52 X 153;Honduras;CDP;;;
;OSCAR VALADARES;2012 BY OSCAR box pressed ;Corojo short robusto;12,00;20;240,00;50 X 102;Honduras;CDP;;;
;OSCAR VALADARES;2012 BY OSCAR box pressed ;Corojo toro;14,00;20;280,00;52 X 153;Honduras;CDP;;;
;OSCAR VALADARES;2012 BY OSCAR box pressed ;Maduro short robusto;12,00;20;240,00;50 X 102;Honduras;CDP;;;
;OSCAR VALADARES;2012 BY OSCAR box pressed ;Maduro toro;14,00;20;280,00;52 X 153;Honduras;CDP;;;
;OSCAR VALADARES;CISERON;Sun grown toro;17,00;20;340,00;52 X 153;Honduras;CDP;;;
;OSCAR VALADARES;WILD HUNTER;Hab. corojo toro;17,00;20;340,00;52 X 153;Honduras;CDP;;;
;OSCAR VALADARES;HEAVEN & HELL;Connecticut toro;17,00;20;340,00;52 X 153;Honduras;CDP;;;
;OSCAR VALADARES;HEAVEN & HELL;Oscuro toro;17,00;20;340,00;52 X 153;Honduras;CDP;;;
;OSCAR VALADARES;ALTAR Q;Rosado toro;18,00;16;288,00;52 X 153;Honduras;CDP;;;
;OSCAR VALADARES;SUPER FLY;Maduro super gordo;20,00;20;400,00;60 X 166;Honduras;CDP;;;
;OSCAR VALADARES;10th ANNIVERSARY;Maduro/candela salomones;31,00;10;310,00;60 X 178;Honduras;CDP;;;
;OSCAR VALADARES;RAW DOG;None short robusto;11,55;50;577,50;60 X 127;Honduras;CDP;;;
;OSCAR VALADARES;ISLAND JIM;Connecticut torpedo;17,50;21;367,50;52 X 166;Honduras;CDP;;;
;OSCAR VALADARES;ISLAND JIM san andres;Maduro torpedo;17,50;21;367,50;52 X 166;Honduras;CDP;;;
;OSCAR VALADARES;ISLAND JIM;Corojo torpedo;17,50;21;367,50;52 X 166;Honduras;CDP;;;
;OSCAR VALADARES;SANTIAGO;Petit toro;32,00;10;320,00;50 X 153;Honduras;CDP;;;
;OSCAR VALADARES;SANTIAGO;Robusto magico;36,00;10;360,00;52 X 147;Honduras;CDP;;;
;PADRON;3000 Maduro  ;;17,00;26;442,00;52 X 140;Nicaragua;Koopmans;;;
;PADRON;3000 Natural  ;;17,00;26;442,00;52 X 140;Nicaragua;Koopmans;;;
;PADRON;Ann. 1964 Exclusivo Natural  ;;30,00;25;750,00;50 X 140;Nicaragua;Koopmans;;;
;PADRON;Ann. 1964 Principe Maduro  ;;24,00;25;600,00;47 X 113;Nicaragua;Koopmans;;;
;PADRON;Ann. 1964 Principe Natural  ;;24,00;25;600,00;47 X 113;Nicaragua;Koopmans;;;
;PADRON;Damaso Nr 12  ;;30,00;20;600,00;50 X 127;Nicaragua;Koopmans;;;
;PARTAGAS LÍNEA CLÁSICA;ARISTOCRATS;PETIT CETROS;7,60;25;190,00;40 X 129;Cuba;Laguito;;;
;PARTAGAS LÍNEA CLÁSICA;PETIT CORONAS ESPECIALES;EMINENTES;7,50;25;187,50;42 X 132;Cuba;Laguito;;;
;PARTAGAS LÍNEA CLÁSICA;MILLE FLEURS;PETIT CORONAS;7,80;5;39,00;42 X 129;Cuba;Laguito;;;
;PARTAGAS LÍNEA CLÁSICA;MILLE FLEURS;PETIT CORONAS;7,80;10;78,00;42 X 129;Cuba;Laguito;;;
;PARTAGAS LÍNEA CLÁSICA;MILLE FLEURS;PETIT CORONAS;7,80;25;195,00;42 X 129;Cuba;Laguito;;;
;PARTAGAS LÍNEA CLÁSICA;SHORTS;MINUTOS;11,00;50;550,00;42 X 110;Cuba;Laguito;;;
;PARTAGAS LÍNEA CLÁSICA;ALIADOS (LCDH+HS);DELIRIOS;49,00;20;980,00;45 X 167;Cuba;Laguito;;;
;PARTAGAS LÍNEA CLÁSICA;LUSITANIAS;PROMINENTES;29,60;25;740,00;49 X 194;Cuba;Laguito;;;
;PARTAGAS LÍNEA MADURO;MADURO No.1;DISCRETOS;21,00;25;525,00;52 X 130;Cuba;Laguito;;;
;PARTAGAS LÍNEA MADURO;MADURO No.2;SHORT PIRAMIDES;21,40;25;535,00;55 X 120;Cuba;Laguito;;;
;PARTAGAS LÍNEA MADURO;MADURO No.3;MADURO No.3;22,60;25;565,00;50 X 145;Cuba;Laguito;;;
;PARTAGAS LÍNEA MAESTRA;ORIGEN;BONDADOSOS;58,00;20;1160,00;46 X 154;Cuba;Laguito;;;
;PARTAGAS LÍNEA MAESTRA;MAESTRO;DELEITES;66,00;20;1320,00;56 X 132;Cuba;Laguito;;;
;PARTAGAS LÍNEA MAESTRA;RITO;GUSTOSOS;73,00;20;1460,00;52 X 168;Cuba;Laguito;;;
;PARTAGAS LÍNEA SERIES;SERIE D No.6;D No.6;14,20;20;284,00;50 X 90;Cuba;Laguito;;;
;PARTAGAS LÍNEA SERIES;SERIE D No.4;ROBUSTOS;20,00;25;500,00;50 X 124;Cuba;Laguito;;;
;PARTAGAS LÍNEA SERIES;SERIE D No.4;ROBUSTOS;20,00;10;200,00;50 X 124;Cuba;Laguito;;;
;PARTAGAS LÍNEA SERIES;SERIE P No.2;PIRAMIDES;23,50;25;587,50;52 X 156;Cuba;Laguito;;;
;PARTAGAS LÍNEA SERIES;SERIE D No.5;D No.5;17,80;25;445,00;50 X 110;Cuba;Laguito;;;
;PARTAGAS LÍNEA SERIES;SERIE E No.2;DUKE;24,00;5;120,00;54 X 140;Cuba;Laguito;;;
;PARTAGAS LÍNEA SERIES;SERIE E No.2;DUKE;24,00;25;600,00;54 X 140;Cuba;Laguito;;;
;PDR;; el criollito robusto ;5,80;24;139,20;54 X 127;Dom. Rep;CAT;;;
;PDR ;;El criollito half corona ;5,20;24;124,80;50 X 89;Dom. Rep;CAT;;;
;PDR ;;El criollito double magnum ;6,50;24;156,00;60 X 153;Dom. Rep;CAT;;;
;PDR ;;El criollito setenta ;8,50;24;204,00;70 X 178;Dom. Rep;CAT;;;
;PDR ;1878;Double capa magnum sun grown ;10,50;20;210,00;60 X 153;Dom. Rep;CAT;;;
;PDR ;;El criollito short gordo ;5,80;20;116,00;58 X 108;Dom. Rep;CAT;;;
;PDR ;;El criollito 5 robusto fresh pack ;27,50;25;687,50;50 X 127;Dom. Rep;CAT;;;
;PDR ;A. FLORES;Gr reserva desflorado half corona tin 5;30,00;25;750,00;46 X 89;Dom. Rep;CAT;;;
;PDR ;A. FLORES;Gr reserva corojo half corona ;6,20;24;148,80;46 X 89;Dom. Rep;CAT;;;
;PDR ;A. FLORES;Gr reserva desflorado half corona ;6,20;24;148,80;46 X 89;Dom. Rep;CAT;;;
;PDR ;A. FLORES;Gr reserva sun grown half corona ;6,20;24;148,80;46 X 89;Dom. Rep;CAT;;;
;PDR ;1878;Double capa robusto sun grown ;9,50;20;190,00;52 X 127;Dom. Rep;CAT;;;
;PDR ;A. FLORES  Y RODR 10TH ANNIV.;Wide churchill ;13,50;24;324,00;58 X 131;Dom. Rep;CAT;;;
;PDR ;A. FLORES  Y RODR 10TH ANNIV.;Robusto ;12,50;24;300,00;52 X 127;Dom. Rep;CAT;;;
;PDR ;A. FLORES  Y RODR 10TH ANNIV.;Gran toro ;14,50;24;348,00;54 X 153;Dom. Rep;CAT;;;
;PDR ;A. FLORES  Y RODR 10TH ANNIV.;Milfleurs ;6,80;24;163,20;42 X 127;Dom. Rep;CAT;;;
;PDR ;1878;Double capa robusto natural ;9,50;20;190,00;52 X 127;Dom. Rep;CAT;;;
;PDR ;1878;Double capa magnum natural ;10,50;20;210,00;60 X 153;Dom. Rep;CAT;;;
;PDR  ;1878;Roast cafe maduro robusto ;9,90;20;198,00;52 X 127;Dom. Rep;CAT;;;
;PERDOMO;10TH ANNIVERSARY;Connecticut robusto;14,50;25;362,50;54 X 127;Nicaragua;CDP;;;
;PERDOMO;10TH ANNIVERSARY;Connecticut epicure;15,25;25;381,25;54 X 153;Nicaragua;CDP;;;
;PERDOMO;10TH ANNIVERSARY;Connecticut super toro;16,50;25;412,50;60 X 153;Nicaragua;CDP;;;
;PERDOMO;10TH ANNIVERSARY;Sun grown robusto;14,50;25;362,50;54 X 127;Nicaragua;CDP;;;
;PERDOMO;10TH ANNIVERSARY;Sun grown epicure;15,25;25;381,25;54 X 153;Nicaragua;CDP;;;
;PERDOMO;10TH ANNIVERSARY;Sun grown super toro;16,50;25;412,50;60 X 153;Nicaragua;CDP;;;
;PERDOMO;10TH ANNIVERSARY;Maduro robusto;14,50;25;362,50;54 X 127;Nicaragua;CDP;;;
;PERDOMO;10TH ANNIVERSARY;Maduro epicure;15,25;25;381,25;54 X 153;Nicaragua;CDP;;;
;PERDOMO;10TH ANNIVERSARY;Maduro super toro;16,50;25;412,50;60 X 153;Nicaragua;CDP;;;
;PERDOMO;20TH ANNIVERSARY ;Sun grown gordo;17,50;24;420,00;60 X 153;Nicaragua;CDP;;;
;PERDOMO;20TH ANNIVERSARY ;Maduro gordo;17,50;24;420,00;60 X 153;Nicaragua;CDP;;;
;PERDOMO;30TH ANNIVERSARY;Connecticut robusto;20,00;30;600,00;54 X 127;Nicaragua;CDP;;;
;PERDOMO;30TH ANNIVERSARY;Sun grown robusto;20,00;30;600,00;54 X 127;Nicaragua;CDP;;;
;PERDOMO;DOUBLE AGED 12YEAR VINTAGE;Connecticut robusto;19,00;24;456,00;56 X 127;Nicaragua;CDP;;;
;PERDOMO;DOUBLE AGED 12YEAR VINTAGE;Sun grown robusto;19,00;24;456,00;56 X 127;Nicaragua;CDP;;;
;PERDOMO;DOUBLE AGED 12YEAR VINTAGE;Maduro robusto;19,00;24;456,00;56 X 127;Nicaragua;CDP;;;
;PERDOMO;DOUBLE AGED 12YEAR VINTAGE;Sun grown gordo extra;21,50;24;516,00;60 X 166;Nicaragua;CDP;;;
;PERDOMO;DOUBLE AGED 12YEAR VINTAGE;Maduro gordo extra;21,50;24;516,00;60 X 166;Nicaragua;CDP;;;
;PERDOMO;FRESCO;Connecticut toro;7,75;25;193,75;50 X 153;Nicaragua;CDP;;;
;PERDOMO;LOT 23 ;Connecticut gordito;12,50;24;300,00;60 X 115;Nicaragua;CDP;;;
;PERDOMO;LOT 23 ;Sun grown gordito;12,50;24;300,00;60 X 115;Nicaragua;CDP;;;
;PERDOMO;CONNOISSEURS COLLECTION;Connecticut epicure;16,67;12;200,00;54 X 153;Nicaragua;CDP;;;
;PERDOMO;CONNOISSEURS COLLECTION;Sun grown epicure;16,67;12;200,00;54 X 153;Nicaragua;CDP;;;
;PERDOMO;CONNOISSEURS COLLECTION;Maduro epicure;16,67;12;200,00;54 X 153;Nicaragua;CDP;;;
;PERDOMO;CONNOISSEURS COLLECTION;Award-winning epicure;16,67;12;200,00;54 X 153;Nicaragua;CDP;;;
;PLASENCIA;Alma Del Campo Guajiro robusto Gordo  ;;18,50;10;185,00;54 X 140;Nicaragua;Koopmans;;;
;PLASENCIA;Alma Del Campo Sendero Toro Gordo  ;;19,90;10;199,00;56 X 152;Nicaragua;Koopmans;;;
;PLASENCIA;Alma Del Campo Tribu robusto  ;;18,00;10;180,00;52 X 127;Nicaragua;Koopmans;;;
;PLASENCIA;Alma Del Cielo Amanecer Hexagono  ;;27,00;10;270,00;60 X 152;Nicaragua;Koopmans;;;
;PLASENCIA;Alma Del Cielo Boreal Toro  ;;25,00;10;250,00;54 X 156;Nicaragua;Koopmans;;;
;PLASENCIA;Alma Del Fuego Conception Toro  ;;19,00;10;190,00;54 X 152;Nicaragua;Koopmans;;;
;PLASENCIA;Alma Fuerte Col Claro Eduardo I Toro  ;;24,00;10;240,00;54 X 159;Nicaragua;Koopmans;;;
;PLASENCIA;Alma Fuerte Col Claro robusto II  ;;24,00;10;240,00;55 X 130;Nicaragua;Koopmans;;;
;PLASENCIA;Alma Fuerte Col Claro Sixto I  ;;25,00;10;250,00;60 X 152;Nicaragua;Koopmans;;;
;PLASENCIA;Alma Fuerte Generation V  ;;25,00;10;250,00;58 X 178;Nicaragua;Koopmans;;;
;PLASENCIA;Alma Fuerte Nestor IV  ;;23,00;10;230,00;54 X 159;Nicaragua;Koopmans;;;
;PLASENCIA;Alma Fuerte robusto  ;;21,00;10;210,00;52 X 133;Nicaragua;Koopmans;;;
;PLASENCIA;Alma Fuerte Sixto II  ;;24,00;10;240,00;60 X 152;Nicaragua;Koopmans;;;
;PLASENCIA;Cosecha 149 Gordo Santa Fe  ;;16,00;10;160,00;60 X 124;Honduras;Koopmans;;;
;PLASENCIA;Cosecha 149 robusto La Vega  ;;15,50;10;155,00;52 X 127;Honduras;Koopmans;;;
;PLASENCIA;Cosecha 149 Toro Azacualpa  ;;16,50;10;165,00;52 X 152;Honduras;Koopmans;;;
;PLASENCIA;Cosecha 151 La Musica robusto  ;;15,00;10;150,00;50 X 127;Honduras;Koopmans;;;
;PLASENCIA;Cosecha 151 La Tradicion Toro  ;;18,00;10;180,00;54 X 149;Honduras;Koopmans;;;
;PLASENCIA;Cosecha 151 San Diego Corona Gorda  ;;15,00;10;150,00;46 X 146;Honduras;Koopmans;;;
;PLASENCIA;Dominique London Seleccion 2024 Petit Dominique;;14,00;25;350,00;52 X 111;Nicaragua;Koopmans;;;
;PLASENCIA;Dominique London Seleccion 2024 Petit Dominique;;14,00;50;700,00;52 X 111;Nicaragua;Koopmans;;;
;PLASENCIA;Ehtefal Qatar 2022 Toro  ;;65,00;10;650,00;54 X 159;Nicaragua;Koopmans;;;
;PLASENCIA;Orchant Seleccion 2024 Orchante;;15,00;25;375,00;55 X 133;Nicaragua;Koopmans;;;
;PLASENCIA;Orchant Seleccion 2024 Orchante;;15,00;50;750,00;55 X 133;Nicaragua;Koopmans;;;
;PLASENCIA;Original Corona  ;;11,50;20;230,00;44 X 159;Nicaragua;Koopmans;;;
;PLASENCIA;Original Nesticos  ;;6,50;25;162,50;36 X 114;Nicaragua;Koopmans;;;
;PLASENCIA;Original Perfectico  ;;10,50;10;105,00;52 X 98;Nicaragua;Koopmans;;;
;PLASENCIA;Original robusto  ;;11,50;20;230,00;52 X 120;Nicaragua;Koopmans;;;
;PLASENCIA;Original Toro  ;;12,50;20;250,00;50 X 152;Nicaragua;Koopmans;;;
;PLASENCIA;robusto Collection Box 6;;99,00;1;99,00;;Nicaragua;Koopmans;;;
;PLASENCIA;Year of the Dragon 2024 Torpedo  ;;45,00;10;450,00;54 X 165;Nicaragua;Koopmans;;;
;PLASENCIA;Year of the rabit 2023 Toro  ;;52,00;10;520,00;54 X 159;Nicaragua;Koopmans;;;
;PLASENCIA;Year of the Snake 2025 Lancero/Culebra  ;;49,00;10;490,00;40 X 178;Nicaragua;Koopmans;;;
;POR LARRAÑAGA;MONTECARLOS;DELICIOSOS;6,70;25;167,50;33 X 159;Cuba;Laguito;;;
;POR LARRAÑAGA;PETIT CORONAS;MAREVAS;9,40;50;470,00;42 X 129;Cuba;Laguito;;;
;POR LARRAÑAGA;GALANES;GALANES;11,70;10;117,00;52 X 120;Cuba;Laguito;;;
;POR LARRAÑAGA;PICADORES No.1 (LCDH + HS);HERMOSOS No.4;12,30;25;307,50;48 X 127;Cuba;Laguito;;;
;PRINCIPLE CIGARS;ACCOMPLICE ;Classic toro / tin ;14,00;5;70,00;52 X 153;Dom. Rep;CDP;;;
;PRINCIPLE CIGARS;BAD PRINCIPLES;Connecticut petite corona /box;14,40;5;72,00;44 X 127;Dom. Rep;CDP;;;
;PRINCIPLE CIGARS;ANGELIQUE;Mareva /tin;11,55;5;57,75;42 X 131;Dom. Rep;CDP;;;
;PUNCH;TRIUNFOS;PETIT CORONAS;15,00;5;75,00;42 X 129;Cuba;Laguito;;;
;PUNCH;PUNCH PUNCH;CORONAS GORDAS;18,40;25;460,00;46 X 143;Cuba;Laguito;;;
;PUNCH;PUNCH 48 (LCDH + HS);HERMOSOS No.3;20,20;10;202,00;48 X 140;Cuba;Laguito;;;
;PUNCH;SHORT  DE PUNCH;PARAÍSOS;16,20;10;162,00;50 X 120;Cuba;Laguito;;;
;PUNCH;DOUBLE CORONAS;PROMINENTES;28,00;25;700,00;49 X 194;Cuba;Laguito;;;
;QUAI D'ORSAY;No.50;D No.5;13,00;25;325,00;50 X 110;Cuba;Laguito;;;
;QUAI D'ORSAY;No.54;EDMUNDO GRUESO;17,40;25;435,00;54 X 135;Cuba;Laguito;;;
;QUAI D'ORSAY;No.52;LANZAS;20,00;25;500,00;52 X 156;Cuba;Laguito;;;
;QUESADA  ;CASA MAGNA ;Colorado robusto ;10,50;27;283,50;52 X 140;Nicaragua;CAT;;;
;QUESADA  ;CASA MAGNA ;Colorado pikito ;8,90;55;489,50;42 X 121;Nicaragua;CAT;;;
;QUESADA  ;CASA MAGNA ;Colorado gran toro ;11,50;27;310,50;58 X 153;Nicaragua;CAT;;;
;QUESADA  ;CASA MAGNA ;Colorado torito ;10,90;27;294,30;60 X 121;Nicaragua;CAT;;;
;QUESADA  ;CASA MAGNA ;Liga f robusto ;10,90;20;218,00;54 X 127;Dom. Rep;CAT;;;
;QUESADA  ;CASA MAGNA ;Liga f toro  ;11,50;20;230,00;52 X 153;Dom. Rep;CAT;;;
;QUESADA  ;CASA MAGNA ;Connecticut robusto ;12,50;20;250,00;50 X 127;Nicaragua;CAT;;;
;QUESADA  ;CASA MAGNA ;Connecticut toro ;16,00;20;320,00;52 X 166;Nicaragua;CAT;;;
;QUINTERO;PETIT QUINTERO;PETIT CAZADORES;2,80;25;70,00;43 X 105;Cuba;Laguito;;;
;QUINTERO;PANETELAS;VEGUERITOS;3,50;25;87,50;37 X 127;Cuba;Laguito;;;
;QUINTERO;BREVAS;NACIONALES;3,70;25;92,50;40 X 140;Cuba;Laguito;;;
;QUINTERO;LONDRES EXTRA;STANDARD;3,80;25;95,00;40 X 123;Cuba;Laguito;;;
;QUINTERO;FAVORITOS;CONCHAS No.2;4,40;25;110,00;50 X 115;Cuba;Laguito;;;
;RAFAEL GONZALEZ;PANETELAS EXTRA;VEGUERITOS;4,20;25;105,00;37 X 127;Cuba;Laguito;;;
;RAFAEL GONZALEZ;PERLAS;PERLAS;6,40;25;160,00;40 X 102;Cuba;Laguito;;;
;RAMON ALLONES;SMALL CLUB CORONAS;MINUTOS;9,60;25;240,00;42 X 110;Cuba;Laguito;;;
;RAMON ALLONES;ALLONES SPECIALLY SELECTED;ROBUSTOS;16,20;25;405,00;50 X 124;Cuba;Laguito;;;
;RAMON ALLONES;ALLONES No.3;NOBLEZAS;18,70;10;187,00;52 X 138;Cuba;Laguito;;;
;REGIUS;Orchant Campana  ;;11,00;10;110,00;52 X 140;Nicaragua;Koopmans;;;
;REGIUS;Orchant Hermoso  ;;9,90;10;99,00;48 X 127;Nicaragua;Koopmans;;;
;REGIUS;Orchant robusto  ;;9,90;10;99,00;52 X 121;Nicaragua;Koopmans;;;
;ROCKY PATEL;55 Toro  ;;14,50;20;290,00;55 X 165;Nicaragua;Koopmans;;;
;ROCKY PATEL;Alr Second Edition Toro  ;;18,50;20;370,00;52 X 152;Nicaragua;Koopmans;;;
;ROCKY PATEL;Cigar Smoking Wc Mareva  ;;11,00;10;110,00;42 X 130;Nicaragua;Koopmans;;;
;ROCKY PATEL;Cigar Smoking Wc Toro  ;;13,00;20;260,00;52 X 152;Nicaragua;Koopmans;;;
;ROCKY PATEL;Dark Star robusto  ;;14,00;20;280,00;50 X 140;Honduras;Koopmans;;;
;ROCKY PATEL;Dark Star Short Star  ;;13,50;20;270,00;60 X 102;Honduras;Koopmans;;;
;ROCKY PATEL;DBS Toro  ;;28,00;20;560,00;52 X 165;Nicaragua;Koopmans;;;
;ROCKY PATEL;Edge 20th Anniversary robusto  ;;14,00;20;280,00;50 X 140;Honduras;Koopmans;;;
;ROCKY PATEL;Edge 20th Anniversary Toro  ;;15,00;20;300,00;52 X 152;Honduras;Koopmans;;;
;ROCKY PATEL;Edge Candela Toro  ;;10,50;20;210,00;52 X 152;Honduras;Koopmans;;;
;ROCKY PATEL;Edge Corojo B52 Gordito  ;;10,50;30;315,00;60 X 114;Honduras;Koopmans;;;
;ROCKY PATEL;Edge Corojo Toro  ;;10,50;20;210,00;52 X 152;Honduras;Koopmans;;;
;ROCKY PATEL;Edge Lite Short robusto  ;;9,00;20;180,00;54 X 114;Honduras;Koopmans;;;
;ROCKY PATEL;Edge Maduro B52 ;;10,50;30;315,00;60 X 114;Honduras;Koopmans;;;
;ROCKY PATEL;Edge Nicaragua Toro  ;;10,50;20;210,00;52 X 152;Honduras;Koopmans;;;
;ROCKY PATEL;Grand reserve red Label Toro  ;;14,50;10;145,00;52 X 152;Nicaragua;Koopmans;;;
;ROCKY PATEL;Quarter Century robusto  ;;12,50;20;250,00;50 X 140;Nicaragua;Koopmans;;;
;ROCKY PATEL;Quarter Century Toro  ;;13,00;20;260,00;52 X 165;Nicaragua;Koopmans;;;
;ROCKY PATEL;Seed to Smoke Shade Toro Bundle+C398/10  ;;40,00;1;40,00;52 X 152;Honduras;Koopmans;;;
;ROCKY PATEL;Sixty Toro  ;;26,00;20;520,00;52 X 165;Nicaragua;Koopmans;;;
;ROCKY PATEL;Super Ligero robusto  ;;9,50;20;190,00;50 X 127;Honduras;Koopmans;;;
;ROCKY PATEL;Vintage 1990 Toro  ;;10,50;20;210,00;52 X 165;Honduras;Koopmans;;;
;ROCKY PATEL;Vintage 1999 Connecticut Corona  ;;9,90;20;198,00;42 X 140;Honduras;Koopmans;;;
;ROCKY PATEL;Vintage 1999 Connecticut Toro  ;;10,50;20;210,00;52 X 165;Honduras;Koopmans;;;
;ROCKY PATEL;Vintage 2003 Juniors Tin/5  ;;25,00;10;250,00;38 X 102;Honduras;Koopmans;;;
;ROCKY PATEL;Vintage 2003 Sixty  ;;15,00;20;300,00;60 X 152;Honduras;Koopmans;;;
;ROCKY PATEL;White Label Toro  ;;29,00;20;580,00;52 X 165;Nicaragua;Koopmans;;;
;ROMA CRAFT;INTEMPERANCE VO IZZY EINSTEIN; ;11,55;30;346,50;46 X 102;Nicaragua;CDP;;;
;ROMA CRAFT;INTEMPERANCE VO BELLE LIVINGSTONE;Rothschild;13,00;24;312,00;52 X 115;Nicaragua;CDP;;;
;ROMA CRAFT;AQUITAINE KNUCKLE DRAGGER; ;14,00;24;336,00;52 X 102;Nicaragua;CDP;;;
;ROMA CRAFT;AGUITAINE MODE 5;Short perfecto;14,50;24;348,00;50 X 127;Nicaragua;CDP;;;
;ROMEO Y JULIETA LÍNEA CHURCHILLS;SHORT CHURCHILLS;ROBUSTOS;20,20;25;505,00;50 X 124;Cuba;Laguito;;;
;ROMEO Y JULIETA LÍNEA CHURCHILLS;CHURCHILLS;JULIETA No.2;29,00;25;725,00;47 X 178;Cuba;Laguito;;;
;ROMEO Y JULIETA LÍNEA CHURCHILLS;WIDE CHURCHILLS;MONTESCO;22,20;25;555,00;55 X 130;Cuba;Laguito;;;
;ROMEO Y JULIETA LÍNEA CHURCHILLS;PETIT CHURCHILLS;PETIT ROBUSTOS;16,50;25;412,50;50 X 102;Cuba;Laguito;;;
;ROMEO Y JULIETA LÍNEA CLÁSICA;SPORTS LARGOS;SPORTS;6,60;25;165,00;35 X 117;Cuba;Laguito;;;
;ROMEO Y JULIETA LÍNEA CLÁSICA;BELVEDERES;BELVEDERES;6,60;25;165,00;39 X 125;Cuba;Laguito;;;
;ROMEO Y JULIETA LÍNEA CLÁSICA;PETIT JULIETAS;ENTREACTOS;7,50;25;187,50;30 X 100;Cuba;Laguito;;;
;ROMEO Y JULIETA LÍNEA CLÁSICA;CORONITAS EN CEDRO;PETIT CETROS;7,40;25;185,00;40 X 129;Cuba;Laguito;;;
;ROMEO Y JULIETA LÍNEA CLÁSICA;REGALIAS DE LONDRES;CORONITAS;7,40;25;185,00;40 X 117;Cuba;Laguito;;;
;ROMEO Y JULIETA LÍNEA CLÁSICA;MILLE FLEURS;PETIT CORONAS;7,80;25;195,00;42 X 129;Cuba;Laguito;;;
;ROMEO Y JULIETA LÍNEA CLÁSICA;PETIT CORONAS;MAREVAS;13,00;25;325,00;42 X 129;Cuba;Laguito;;;
;ROMEO Y JULIETA LÍNEA CLÁSICA;ROMEO No.3 A.T.;CORONITAS;9,80;25;245,00;40 X 117;Cuba;Laguito;;;
;ROMEO Y JULIETA LÍNEA CLÁSICA;ROMEO No.2 A.T.;PETIT CORONAS;10,40;25;260,00;42 X 129;Cuba;Laguito;;;
;ROMEO Y JULIETA LÍNEA CLÁSICA;ROMEO No.1 A.T.;CREMAS;11,20;25;280,00;40 X 140;Cuba;Laguito;;;
;ROMEO Y JULIETA LÍNEA CLÁSICA;PETIT ROYALES;CAPRICHOS;12,00;25;300,00;47 X 95;Cuba;Laguito;;;
;ROMEO Y JULIETA LÍNEA CLÁSICA;BELICOSOS;CAMPANAS;20,80;25;520,00;52 X 140;Cuba;Laguito;;;
;ROMEO Y JULIETA LÍNEA CLÁSICA;CUPIDOS (LCDH + HS);VERONAS;71,50;20;1430,00;55 X 148;Cuba;Laguito;;;
;ROMEO Y JULIETA LÍNEA DE ORO;NOBLES;TRIANGULARES;56,00;20;1120,00;56 X 135;Cuba;Laguito;;;
;ROMEO Y JULIETA LÍNEA DE ORO;HIDALGOS;HIDALGOS;63,00;20;1260,00;57 X 125;Cuba;Laguito;;;
;ROMEO Y JULIETA LÍNEA DE ORO;DIANAS;DAMAS;61,00;20;1220,00;52 X 145;Cuba;Laguito;;;
;SAINT LUIS REY;REGIOS;HERMOSOS No.4;13,60;25;340,00;48 X 127;Cuba;Laguito;;;
;SAN CRISTOBAL DE LA HABANA;EL PRINCIPE;MINUTOS;9,40;25;235,00;42 X 110;Cuba;Laguito;;;
;SAN CRISTOBAL DE LA HABANA;PRADO (LCDH + HS);PETIT PIRAMIDES;16,70;10;167,00;50 X 127;Cuba;Laguito;;;
;TRINIDAD;REYES;REYES;33,50;24;804,00;40 X 110;Cuba;Laguito;;;
;TRINIDAD;COLONIALES;COLONIALES;48,20;24;1156,80;44 X 132;Cuba;Laguito;;;
;TRINIDAD;MEDIA LUNA;MARINAS;44,50;12;534,00;50 X 115;Cuba;Laguito;;;
;TRINIDAD;ESMERALDA;DINORAS;66,00;12;792,00;53 X 145;Cuba;Laguito;;;
;TRINIDAD;TOPES;TOPES;64,00;12;768,00;56 X 125;Cuba;Laguito;;;
;TRINIDAD;FUNDADORES;LAGUITO ESPECIAL;64,00;24;1536,00;40 X 192;Cuba;Laguito;;;
;TRINIDAD;VIGIA;TORRES;53,00;12;636,00;54 X 110;Cuba;Laguito;;;
;UMNUM;Nica Bond Bundle/5  ;;20,00;1;20,00;44 X 114;Nicaragua;Koopmans;;;
;UMNUM;Nica Canonazo Bundle/25  ;;85,00;1;85,00;52 X 133;Nicaragua;Koopmans;;;
;UMNUM;Nica Canonazo Bundle/5  ;;24,00;1;24,00;52 X 133;Nicaragua;Koopmans;;;
;UMNUM;Nica Jumbo Bundle/16  ;;82,00;1;82,00;60 X 121;Nicaragua;Koopmans;;;
;UMNUM;Nica Jumbo Bundle/5  ;;27,50;1;27,50;60 X 121;Nicaragua;Koopmans;;;
;VALENTINO SIESTO CIGARS;GREEN 1971;Connecticut robusto;16,50;20;330,00;52 X 127;Dom. Rep;CDP;;;
;VALENTINO SIESTO CIGARS;GREEN 1971;Connecticut toro;19,00;20;380,00;52 X 153;Dom. Rep;CDP;;;
;VALENTINO SIESTO CIGARS;GREEN 1971;Connecticut pico pato;21,00;20;420,00;54 X 153;Dom. Rep;CDP;;;
;VALENTINO SIESTO CIGARS;RED sun grown;Habano robusto;16,50;20;330,00;52 X 127;Dom. Rep;CDP;;;
;VALENTINO SIESTO CIGARS;RED sun grown;Habano toro;19,00;20;380,00;52 X 153;Dom. Rep;CDP;;;
;VALENTINO SIESTO CIGARS;RED sun grown;Habano torpedo;21,00;20;420,00;54 X 153;Dom. Rep;CDP;;;
;VALENTINO SIESTO CIGARS;BLACK;Maduro robusto;16,50;20;330,00;52 X 127;Dom. Rep;CDP;;;
;VALENTINO SIESTO CIGARS;EL LIBRO LEYENDA; ;93,75;32;3000,00;;Dom. Rep;CDP;;;
;VALENTINO SIESTO CIGARS;MANOS DE PIEDRA ROUND 1;Robusto;76,67;30;2300,00;52 X 127;Dom. Rep;CDP;;;
;VEGAFINA LINEA 1998;1998 42 L;NO. 42;9,90;25;247,50;42 X 187;Dom. Rep;Laguito;;;
;VEGAFINA LINEA 1998;1998 44 S;NO. 44;7,50;25;187,50;44 X 100;Dom. Rep;Laguito;;;
;VEGAFINA LINEA 1998;199.846;NO. 46;8,30;25;207,50;46 X 143;Dom. Rep;Laguito;;;
;VEGAFINA LINEA 1998;199.850;NO. 50;9,00;25;225,00;50 X 115;Dom. Rep;Laguito;;;
;VEGAFINA LINEA 1998;199.852;NO. 52;9,90;25;247,50;52 X 135;Dom. Rep;Laguito;;;
;VEGAFINA LINEA 1998;199.854;NO. 54;11,20;25;280,00;54 X 155;Dom. Rep;Laguito;;;
;VEGAFINA LINEA 1998;199.856;NO. 56;10,70;25;267,50;56 X 127;Dom. Rep;Laguito;;;
;VEGAFINA LÍNEA CLÁSICA;MINUTOS;MINUTOS;3,20;25;80,00;30 X 100;Dom. Rep;Laguito;;;
;VEGAFINA LÍNEA CLÁSICA;PERLA;PERLAS;4,70;25;117,50;40 X 102;Dom. Rep;Laguito;;;
;VEGAFINA LÍNEA CLÁSICA;CORONA;CORONA;6,80;25;170,00;43 X 146;Dom. Rep;Laguito;;;
;VEGAFINA LÍNEA CLÁSICA;SHORT ROBUSTO;SHORT ROBUSTO;7,40;25;185,00;50 X 105;Dom. Rep;Laguito;;;
;VEGAFINA LÍNEA CLÁSICA;ROBUSTO;ROBUSTO;8,80;25;220,00;50 X 127;Dom. Rep;Laguito;;;
;VEGAFINA NICARAGUA;MINUTOS A.P.;MINUTOS;3,30;8;26,40;30 X 100;Nicaragua;Laguito;;;
;VEGAFINA NICARAGUA;SHORT;SHORT;5,50;25;137,50;42 X 110;Nicaragua;Laguito;;;
;VEGAFINA NICARAGUA;VULCANO;VULCANO;9,20;25;230,00;56 X 110;Nicaragua;Laguito;;;
;VEGAFINA NICARAGUA;ROBUSTO;ROBUSTO;9,10;25;227,50;50 X 127;Nicaragua;Laguito;;;
;VEGAFINA NICARAGUA;GRAN TORO;GRAN TORO;10,80;25;270,00;52 X 152;Nicaragua;Laguito;;;
;VEGAFINA NICARAGUA;GRAN VULCANO;GRAN VULCANO;9,90;25;247,50;56 X 137;Nicaragua;Laguito;;;
;VEGAFINA SERIE 2;SHORT MAGNUM;SHORT MAGNUM;8,60;10;86,00;54 X 110;Dom. Rep;Laguito;;;
;VEGAFINA SERIE 2;ROBUSTO;ROBUSTO;9,20;10;92,00;50 X 127;Dom. Rep;Laguito;;;
;VEGAFINA SERIE 2;TORO;TORO;11,00;20;220,00;54 X 152;Dom. Rep;Laguito;;;
;VEGAS DE SANTIAGO;D8 Petit Robusto;Colorado petit robusto;9,75;20;195,00;50 X 102;Costa Rica;CDP;;;
;VEGAS DE SANTIAGO;D8 Robusto;Colorado robusto;10,50;20;210,00;50 X 127;Costa Rica;CDP;;;
;VEGAS DE SANTIAGO;D8 Emperador;Colorado gordo;13,75;20;275,00;60 X 153;Costa Rica;CDP;;;
;VEGAS ROBAINA;FAMOSOS;HERMOSOS No.4;15,80;25;395,00;48 X 127;Cuba;Laguito;;;
;VEGUEROS;MAÑANITAS A.P.;MAÑANITAS;6,70;16;107,20;46 X 100;Cuba;Laguito;;;
;VEGUEROS;CENTROGORDOS A.P.;CENTRO GORDO;10,20;16;163,20;54 X 100;Cuba;Laguito;;;
;VEGUEROS;TAPADOS A.P.;MAREVA GRUESA;9,00;16;144,00;46 X 120;Cuba;Laguito;;;
;VEGUEROS;ENTRETIEMPOS A.P.;PETIT EDMUNDO;9,70;16;155,20;52 X 110;Cuba;Laguito;;;
;VEGUEROS;CENTROFINOS A.P.;CENTRO FINO;11,00;16;176,00;50 X 130;Cuba;Laguito;;;
;VILLA VIEJA;CLASICO ;Habano short;10,00;20;200,00;46 X 115;Nicaragua;CDP;;;
;VILLA ZAMORANO;Clasico Corona Bundle/15  ;;75,00;1;75,00;42 X 127;Honduras;Koopmans;;;
;VILLA ZAMORANO;Clasico El Gordo Bundle/15  ;;99,00;1;99,00;56 X 127;Honduras;Koopmans;;;
;VILLA ZAMORANO;Clasico Expreso Bundle/15  ;;75,00;1;75,00;52 X 89;Honduras;Koopmans;;;
;VILLA ZAMORANO;Clasico N Bundle/15  ;;95,00;1;95,00;54 X 140;Honduras;Koopmans;;;
;VILLA ZAMORANO;Clasico robusto Bundle/15  ;;90,00;1;90,00;50 X 127;Honduras;Koopmans;;;
;VILLA ZAMORANO;Clasico Soberano Bundle/15  ;;115,00;1;115,00;60 X 152;Honduras;Koopmans;;;
;VILLA ZAMORANO;Danli robusto  ;;8,50;25;212,50;50 X 127;Honduras;Koopmans;;;
;VILLA ZAMORANO;Danli Toro  ;;9,50;25;237,50;56 X 152;Honduras;Koopmans;;;
;VILLA ZAMORANO;reserva Churchill  ;;8,00;25;200,00;48 X 178;Honduras;Koopmans;;;
;VILLA ZAMORANO;reserva Cigar Can;;39,00;6;234,00;;Honduras;Koopmans;;;
;VILLA ZAMORANO;reserva El Gordo  ;;7,50;25;187,50;56 X 127;Honduras;Koopmans;;;
;VILLA ZAMORANO;reserva Expreso  ;;6,50;25;162,50;52 X 89;Honduras;Koopmans;;;
;VILLA ZAMORANO;reserva robusto  ;;7,00;25;175,00;50 X 127;Honduras;Koopmans;;;
;VILLA ZAMORANO;reserva Soberano  ;;9,00;25;225,00;60 X 152;Honduras;Koopmans;;;
;ZINO;PLATINUM;Scepter XS 10;35,00;10;350,00;;;ZABIA;;;
;ZINO;PLATINUM;Z-class corona;11,00;5;55,00;;;ZABIA;;;
;ZINO;PLATINUM;Z-class toro;14,50;4;58,00;;;ZABIA;;;
;ZINO;NICARAGUA;Nic Short Torpedo;7,50;25;187,50;;;ZABIA;;;
;ZINO;NICARAGUA;Nic Robusto;7,90;25;197,50;;;ZABIA;;;
;ZINO;NICARAGUA;Nic Toro;8,90;25;222,50;;;ZABIA;;;
;ZINO;NICARAGUA;Nic Gordo;9,90;25;247,50;;;ZABIA;;;
;ZINO;NICARAGUA;Nic Half Corona Pre-cut;29,00;5;145,00;;;ZABIA;;;
